601006-600015,Close,OpenTime,2013100893600,CloseTime,2013100993100,Sell:601006,7.250000,7.100000,earnings:,0.020690,Buy:600015,7.390000,7.520000,earnings:,0.015664,all earnings, 0.019230
601006-600015,Close,OpenTime,2013110793800,CloseTime,2013111294900,Sell:601006,7.400000,7.330000,earnings:,0.009459,Buy:600015,7.580000,7.780000,earnings:,0.023494,all earnings, 0.017432
601006-600015,Close,OpenTime,2013112293100,CloseTime,2013120393300,Sell:601006,7.820000,7.890000,earnings:,-0.008951,Buy:600015,8.050000,8.440000,earnings:,0.043139,all earnings, 0.018085
601006-600015,Close,OpenTime,2013121193300,CloseTime,2013121393100,Sell:601006,7.990000,7.580000,earnings:,0.051314,Buy:600015,8.260000,8.090000,earnings:,-0.018326,all earnings, 0.017450
601006-600015,Close,OpenTime,2013122093600,CloseTime,20130925145000,Sell:601006,7.650000,7.190000,earnings:,0.060131,Buy:600015,7.860000,7.600000,earnings:,-0.029454,all earnings, 0.016227
601006-600015,Close,OpenTime,20131008100100,CloseTime,20131008140000,Sell:601006,7.270000,7.190000,earnings:,0.011004,Buy:600015,7.430000,7.580000,earnings:,0.017976,all earnings, 0.015330
601006-600015,Close,OpenTime,20131107135500,CloseTime,20131111111100,Sell:601006,7.390000,7.220000,earnings:,0.023004,Buy:600015,7.570000,7.620000,earnings:,0.005881,all earnings, 0.015280
601006-600015,Close,OpenTime,20131118103900,CloseTime,20131118134200,Sell:601006,7.630000,7.510000,earnings:,0.015727,Buy:600015,7.840000,7.960000,earnings:,0.013629,all earnings, 0.015529
601006-600015,Close,OpenTime,20131121133300,CloseTime,20131202100800,Sell:601006,7.720000,8.020000,earnings:,-0.038860,Buy:600015,7.950000,8.570000,earnings:,0.069442,all earnings, 0.016177
601006-600015,Close,OpenTime,20131220100000,CloseTime,2013092593100,Buy:601006,7.630000,7.280000,earnings:,-0.045872,Sell:600015,7.790000,7.620000,earnings:,0.019432,all earnings, -0.013986
601006-600015,Close,OpenTime,2013100995100,CloseTime,2013101495100,Buy:601006,6.990000,7.240000,earnings:,0.035765,Sell:600015,7.620000,7.640000,earnings:,-0.002337,all earnings, 0.017683
601006-600015,Close,OpenTime,2013102395900,CloseTime,2013103195000,Buy:601006,7.040000,7.460000,earnings:,0.059659,Sell:600015,7.670000,7.910000,earnings:,-0.027862,all earnings, 0.016820
601006-600015,Close,OpenTime,2013120993200,CloseTime,2013121093400,Buy:601006,7.750000,7.800000,earnings:,0.006452,Sell:600015,8.560000,8.320000,earnings:,0.024965,all earnings, 0.016619
601006-600015,Close,OpenTime,2013121793100,CloseTime,2013121893200,Buy:601006,7.460000,7.670000,earnings:,0.028150,Sell:600015,8.180000,8.130000,earnings:,0.005443,all earnings, 0.017770
601006-600015,Close,OpenTime,20131009100000,CloseTime,20131014100000,Buy:601006,7.020000,7.220000,earnings:,0.028490,Sell:600015,7.660000,7.620000,earnings:,0.004650,all earnings, 0.017530
601006-600015,Close,OpenTime,20131023100000,CloseTime,20131031100100,Buy:601006,7.040000,7.410000,earnings:,0.052557,Sell:600015,7.670000,7.850000,earnings:,-0.020897,all earnings, 0.016748
601006-600015,Close,OpenTime,20131206144100,CloseTime,20131209102100,Buy:601006,7.700000,7.920000,earnings:,0.028571,Sell:600015,8.480000,8.450000,earnings:,0.003150,all earnings, 0.016780
601006-600015,Close,OpenTime,20131216100800,CloseTime,20131217144700,Buy:601006,7.580000,7.630000,earnings:,0.006596,Sell:600015,8.330000,8.120000,earnings:,0.022448,all earnings, 0.015364
600674-000027,Close,OpenTime,2013101193100,CloseTime,2013101194200,Sell:600674,11.710000,11.530000,earnings:,0.015371,Buy:000027,5.520000,5.560000,earnings:,0.006929,all earnings, 0.011400
600674-000027,Close,OpenTime,2013102393100,CloseTime,2013102593100,Sell:600674,12.050000,11.660000,earnings:,0.032365,Buy:000027,5.700000,5.640000,earnings:,-0.010066,all earnings, 0.011399
600674-000027,Close,OpenTime,2013103095100,CloseTime,2013103095400,Sell:600674,12.150000,12.110000,earnings:,0.003292,Buy:000027,5.750000,5.890000,earnings:,0.023283,all earnings, 0.013585
600674-000027,Close,OpenTime,2013111194300,CloseTime,2013112293100,Sell:600674,11.830000,11.630000,earnings:,0.016906,Buy:000027,5.580000,5.610000,earnings:,0.005141,all earnings, 0.011270
600674-000027,Close,OpenTime,2013122094500,CloseTime,20130925100000,Sell:600674,11.520000,11.320000,earnings:,0.017361,Buy:000027,5.440000,5.560000,earnings:,0.021094,all earnings, 0.019657
600674-000027,Close,OpenTime,20131010134800,CloseTime,20131011100500,Sell:600674,11.650000,11.560000,earnings:,0.007725,Buy:000027,5.500000,5.580000,earnings:,0.013909,all earnings, 0.011059
600674-000027,Close,OpenTime,20131022105600,CloseTime,20131023112000,Sell:600674,11.990000,11.690000,earnings:,0.025021,Buy:000027,5.670000,5.640000,earnings:,-0.005060,all earnings, 0.010204
600674-000027,Close,OpenTime,20131023133300,CloseTime,20131025103200,Sell:600674,11.870000,11.650000,earnings:,0.018534,Buy:000027,5.610000,5.620000,earnings:,0.001705,all earnings, 0.010346
600674-000027,Close,OpenTime,20131106130000,CloseTime,20131106141200,Sell:600674,12.190000,12.050000,earnings:,0.011485,Buy:000027,5.760000,5.820000,earnings:,0.009961,all earnings, 0.010963
600674-000027,Close,OpenTime,20131108131500,CloseTime,20131108134400,Sell:600674,11.850000,11.850000,earnings:,0.000000,Buy:000027,5.560000,5.720000,earnings:,0.027518,all earnings, 0.014067
600674-000027,Close,OpenTime,20131111100800,CloseTime,20131118103400,Sell:600674,11.800000,11.530000,earnings:,0.022881,Buy:000027,5.570000,5.570000,earnings:,0.000000,all earnings, 0.011696
600674-000027,Close,OpenTime,20131119140000,CloseTime,20131120132000,Sell:600674,11.790000,11.470000,earnings:,0.027142,Buy:000027,5.570000,5.540000,earnings:,-0.005150,all earnings, 0.011241
600674-000027,Close,OpenTime,20131216105600,CloseTime,20131216130700,Sell:600674,11.660000,11.490000,earnings:,0.014580,Buy:000027,5.510000,5.540000,earnings:,0.005206,all earnings, 0.010114
600674-000027,Close,OpenTime,20131220100600,CloseTime,2013093093800,Buy:600674,11.520000,11.330000,earnings:,-0.016493,Sell:000027,5.440000,5.450000,earnings:,-0.001758,all earnings, -0.009329
600674-000027,Close,OpenTime,2013102294800,CloseTime,2013102393100,Buy:600674,11.590000,12.050000,earnings:,0.039689,Sell:000027,5.730000,5.700000,earnings:,0.005007,all earnings, 0.022848
600674-000027,Close,OpenTime,2013102893200,CloseTime,2013102894800,Buy:600674,11.260000,11.540000,earnings:,0.024867,Sell:000027,5.580000,5.560000,earnings:,0.003427,all earnings, 0.014463
600674-000027,Close,OpenTime,2013110193100,CloseTime,2013110493100,Buy:600674,11.780000,11.920000,earnings:,0.011885,Sell:000027,5.810000,5.760000,earnings:,0.008229,all earnings, 0.010282
600674-000027,Close,OpenTime,2013110894500,CloseTime,2013111193100,Buy:600674,11.730000,11.910000,earnings:,0.015345,Sell:000027,5.780000,5.650000,earnings:,0.021508,all earnings, 0.018838
600674-000027,Close,OpenTime,2013120293100,CloseTime,2013120493500,Buy:600674,11.550000,11.920000,earnings:,0.032035,Sell:000027,5.700000,5.760000,earnings:,-0.010066,all earnings, 0.011230
600674-000027,Close,OpenTime,2013120593700,CloseTime,2013121293100,Buy:600674,11.940000,11.820000,earnings:,-0.010050,Sell:000027,5.910000,5.680000,earnings:,0.037215,all earnings, 0.013886
600674-000027,Close,OpenTime,20130925100100,CloseTime,20130930100000,Buy:600674,11.330000,11.340000,earnings:,0.000883,Sell:000027,5.580000,5.420000,earnings:,0.027420,all earnings, 0.014468
600674-000027,Close,OpenTime,20131009102000,CloseTime,20131010100000,Buy:600674,11.350000,11.750000,earnings:,0.035242,Sell:000027,5.600000,5.570000,earnings:,0.005123,all earnings, 0.020634
600674-000027,Close,OpenTime,20131031131200,CloseTime,20131101101900,Buy:600674,11.750000,11.880000,earnings:,0.011064,Sell:000027,5.810000,5.740000,earnings:,0.011521,all earnings, 0.011545
600674-000027,Close,OpenTime,20131107144000,CloseTime,20131108101500,Buy:600674,11.880000,11.940000,earnings:,0.005051,Sell:000027,5.870000,5.770000,earnings:,0.016291,all earnings, 0.010909
600674-000027,Close,OpenTime,20131203100500,CloseTime,20131203112100,Buy:600674,11.750000,11.940000,earnings:,0.016170,Sell:000027,5.810000,5.770000,earnings:,0.006584,all earnings, 0.011631
600674-000027,Close,OpenTime,20131205100100,CloseTime,20131209132000,Buy:600674,11.890000,11.970000,earnings:,0.006728,Sell:000027,5.870000,5.780000,earnings:,0.014662,all earnings, 0.010934
601168-600362,Close,OpenTime,2013102295200,CloseTime,2013103093200,Sell:601168,6.120000,5.730000,earnings:,0.063725,Buy:600362,15.520000,14.920000,earnings:,-0.038820,all earnings, 0.012427
601168-600362,Close,OpenTime,20131022100000,CloseTime,20131029112400,Sell:601168,6.160000,5.730000,earnings:,0.069805,Buy:600362,15.480000,14.910000,earnings:,-0.036974,all earnings, 0.016382
601168-600362,Close,OpenTime,2013092595500,CloseTime,2013101494100,Buy:601168,6.160000,6.170000,earnings:,0.001623,Sell:600362,16.480000,16.080000,earnings:,0.024372,all earnings, 0.012971
601168-600362,Close,OpenTime,20130925100000,CloseTime,20131014141600,Buy:601168,6.160000,6.190000,earnings:,0.004870,Sell:600362,16.500000,16.130000,earnings:,0.022517,all earnings, 0.013665
600594-600535,Close,OpenTime,2013092794200,CloseTime,2013101493200,Sell:600594,33.920000,31.900000,earnings:,0.059552,Buy:600535,44.550000,43.620000,earnings:,-0.015839,all earnings, 0.024854
600594-600535,Close,OpenTime,2013101593100,CloseTime,2013101694300,Sell:600594,33.500000,31.000000,earnings:,0.074627,Buy:600535,42.650000,42.510000,earnings:,-0.002491,all earnings, 0.041016
600594-600535,Close,OpenTime,2013121295300,CloseTime,2013122094300,Sell:600594,31.790000,31.000000,earnings:,0.024851,Buy:600535,40.750000,41.880000,earnings:,0.021040,all earnings, 0.026093
600594-600535,Close,OpenTime,20130930100000,CloseTime,20131016100000,Sell:600594,34.010000,31.000000,earnings:,0.088503,Buy:600535,44.390000,42.000000,earnings:,-0.040852,all earnings, 0.027094
600594-600535,Close,OpenTime,20131205104500,CloseTime,20131220100000,Sell:600594,32.390000,30.590000,earnings:,0.055573,Buy:600535,41.900000,41.640000,earnings:,-0.004708,all earnings, 0.028921
600594-600535,Close,OpenTime,2013092593100,CloseTime,2013092793100,Buy:600594,31.000000,33.280000,earnings:,0.073548,Sell:600535,44.680000,44.490000,earnings:,0.003227,all earnings, 0.043653
600594-600535,Close,OpenTime,2013101893100,CloseTime,2013103093100,Buy:600594,30.090000,30.280000,earnings:,0.006314,Sell:600535,42.680000,40.280000,earnings:,0.042666,all earnings, 0.027850
600594-600535,Close,OpenTime,2013112093900,CloseTime,2013112293100,Buy:600594,28.550000,30.500000,earnings:,0.068301,Sell:600535,39.780000,40.600000,earnings:,-0.015640,all earnings, 0.029942
600594-600535,Close,OpenTime,20130925100000,CloseTime,20130926101200,Buy:600594,31.280000,32.050000,earnings:,0.024616,Sell:600535,44.780000,43.690000,earnings:,0.018469,all earnings, 0.024498
600594-600535,Close,OpenTime,20131016143500,CloseTime,20131029102800,Buy:600594,30.300000,29.960000,earnings:,-0.011221,Sell:600535,42.960000,40.090000,earnings:,0.050689,all earnings, 0.022441
600594-600535,Close,OpenTime,20131111104200,CloseTime,20131122103400,Buy:600594,27.500000,30.050000,earnings:,0.092727,Sell:600535,37.890000,40.240000,earnings:,-0.047059,all earnings, 0.025966
000671-000540,Close,OpenTime,2013092593100,CloseTime,2013093093600,Sell:000671,11.850000,11.280000,earnings:,0.048101,Buy:000540,7.070000,7.110000,earnings:,0.004727,all earnings, 0.028782
000671-000540,Close,OpenTime,2013100993200,CloseTime,2013101593100,Sell:000671,11.520000,11.180000,earnings:,0.029514,Buy:000540,6.960000,7.080000,earnings:,0.014404,all earnings, 0.023928
000671-000540,Close,OpenTime,2013110193100,CloseTime,2013110493200,Sell:000671,11.030000,10.620000,earnings:,0.037171,Buy:000540,6.600000,6.640000,earnings:,0.005063,all earnings, 0.023011
000671-000540,Close,OpenTime,2013110695700,CloseTime,2013110793200,Sell:000671,11.030000,10.520000,earnings:,0.046238,Buy:000540,6.610000,6.630000,earnings:,0.002528,all earnings, 0.026569
000671-000540,Close,OpenTime,20130925100000,CloseTime,20130926111200,Sell:000671,11.890000,11.510000,earnings:,0.031960,Buy:000540,7.040000,7.270000,earnings:,0.027295,all earnings, 0.032283
000671-000540,Close,OpenTime,20131008103800,CloseTime,20131015100000,Sell:000671,11.490000,11.090000,earnings:,0.034813,Buy:000540,6.940000,7.010000,earnings:,0.008427,all earnings, 0.023558
000671-000540,Close,OpenTime,20131101100500,CloseTime,20131104100000,Sell:000671,11.190000,10.680000,earnings:,0.045576,Buy:000540,6.720000,6.660000,earnings:,-0.007459,all earnings, 0.020767
000671-000540,Close,OpenTime,20131106103600,CloseTime,20131107101100,Sell:000671,11.080000,10.590000,earnings:,0.044224,Buy:000540,6.640000,6.580000,earnings:,-0.007549,all earnings, 0.019981
000671-000540,Close,OpenTime,2013101793100,CloseTime,2013101893100,Buy:000671,10.890000,11.420000,earnings:,0.048669,Sell:000540,7.130000,7.010000,earnings:,0.014061,all earnings, 0.034177
000671-000540,Close,OpenTime,2013102993100,CloseTime,2013110193100,Buy:000671,10.250000,11.030000,earnings:,0.076098,Sell:000540,6.660000,6.600000,earnings:,0.007527,all earnings, 0.045561
000671-000540,Close,OpenTime,2013121994800,CloseTime,20130925100000,Buy:000671,9.680000,11.890000,earnings:,0.228306,Sell:000540,6.190000,7.040000,earnings:,-0.114723,all earnings, 0.061883
000671-000540,Close,OpenTime,20131015142700,CloseTime,20131017111100,Buy:000671,11.030000,11.230000,earnings:,0.018132,Sell:000540,7.250000,7.070000,earnings:,0.020742,all earnings, 0.021180
000671-000540,Close,OpenTime,20131028102400,CloseTime,20131031110700,Buy:000671,10.300000,10.920000,earnings:,0.060194,Sell:000540,6.670000,6.830000,earnings:,-0.020041,all earnings, 0.021877
600266-600120,Close,OpenTime,2013103193900,CloseTime,2013111893200,Sell:600266,10.720000,10.420000,earnings:,0.027985,Buy:600120,13.050000,13.200000,earnings:,0.010568,all earnings, 0.020086
600266-600120,Close,OpenTime,2013112093200,CloseTime,2013112293600,Sell:600266,10.730000,10.420000,earnings:,0.028891,Buy:600120,13.080000,13.100000,earnings:,0.001406,all earnings, 0.015784
600266-600120,Close,OpenTime,20131025105900,CloseTime,20131028101600,Sell:600266,10.770000,10.300000,earnings:,0.043640,Buy:600120,13.130000,13.000000,earnings:,-0.009103,all earnings, 0.017993
600266-600120,Close,OpenTime,20131101100000,CloseTime,20131107105400,Sell:600266,10.620000,10.430000,earnings:,0.017891,Buy:600120,12.820000,13.180000,earnings:,0.025818,all earnings, 0.022772
600266-600120,Close,OpenTime,20131107144800,CloseTime,20131112104300,Sell:600266,10.530000,10.190000,earnings:,0.032289,Buy:600120,12.790000,12.880000,earnings:,0.006470,all earnings, 0.020193
600266-600120,Close,OpenTime,2013101094000,CloseTime,2013101695300,Buy:600266,10.770000,10.660000,earnings:,-0.010214,Sell:600120,14.130000,13.480000,earnings:,0.042294,all earnings, 0.016714
600266-600120,Close,OpenTime,2013101894000,CloseTime,2013102493400,Buy:600266,10.440000,10.660000,earnings:,0.021073,Sell:600120,13.660000,13.450000,earnings:,0.014134,all earnings, 0.018343
600266-600120,Close,OpenTime,2013120294600,CloseTime,2013120393300,Buy:600266,10.530000,10.790000,earnings:,0.024691,Sell:600120,13.800000,13.660000,earnings:,0.009327,all earnings, 0.017724
600266-600120,Close,OpenTime,2013120493100,CloseTime,2013120593600,Buy:600266,10.680000,11.110000,earnings:,0.040262,Sell:600120,14.000000,14.090000,earnings:,-0.005911,all earnings, 0.017897
600266-600120,Close,OpenTime,20130925145300,CloseTime,20130926105100,Buy:600266,10.490000,10.520000,earnings:,0.002860,Sell:600120,13.710000,13.300000,earnings:,0.027495,all earnings, 0.015815
600266-600120,Close,OpenTime,20131010100000,CloseTime,20131016100300,Buy:600266,10.680000,10.620000,earnings:,-0.005618,Sell:600120,14.280000,13.370000,earnings:,0.058590,all earnings, 0.027598
600266-600120,Close,OpenTime,20131021104200,CloseTime,20131024100000,Buy:600266,10.460000,10.860000,earnings:,0.038241,Sell:600120,13.690000,13.560000,earnings:,0.008731,all earnings, 0.024472
600266-600120,Close,OpenTime,20131202100000,CloseTime,20131204100300,Buy:600266,10.500000,11.080000,earnings:,0.055238,Sell:600120,13.980000,13.950000,earnings:,0.001973,all earnings, 0.029807
601139-600219,Close,OpenTime,2013110193700,CloseTime,2013112994800,Sell:601139,8.630000,8.420000,earnings:,0.024334,Buy:600219,5.180000,5.270000,earnings:,0.017127,all earnings, 0.020879
601139-600219,Close,OpenTime,20131031134200,CloseTime,20131119105300,Sell:601139,8.600000,8.460000,earnings:,0.016279,Buy:600219,5.190000,5.300000,earnings:,0.020892,all earnings, 0.018719
601139-600219,Close,OpenTime,20131121102000,CloseTime,20131126144900,Sell:601139,8.610000,8.260000,earnings:,0.040650,Buy:600219,5.190000,5.170000,earnings:,-0.003799,all earnings, 0.018558
601139-600219,Close,OpenTime,2013101194300,CloseTime,2013102293200,Buy:601139,8.490000,8.760000,earnings:,0.031802,Sell:600219,5.510000,5.490000,earnings:,0.003578,all earnings, 0.017817
601139-600219,Close,OpenTime,2013120393100,CloseTime,2013121793100,Buy:601139,8.230000,8.320000,earnings:,0.010936,Sell:600219,5.360000,5.190000,earnings:,0.031264,all earnings, 0.021251
601139-600219,Close,OpenTime,20130925100300,CloseTime,20130926145900,Buy:601139,8.510000,8.470000,earnings:,-0.004700,Sell:600219,5.530000,5.310000,earnings:,0.039215,all earnings, 0.017381
601139-600219,Close,OpenTime,20130927103100,CloseTime,20130930100000,Buy:601139,8.430000,8.590000,earnings:,0.018980,Sell:600219,5.480000,5.370000,earnings:,0.019787,all earnings, 0.019522
601139-600219,Close,OpenTime,20131010132800,CloseTime,20131021105800,Buy:601139,8.510000,8.680000,earnings:,0.019976,Sell:600219,5.530000,5.440000,earnings:,0.016043,all earnings, 0.018139
601139-600219,Close,OpenTime,20131203100000,CloseTime,20131216100900,Buy:601139,8.280000,8.440000,earnings:,0.019324,Sell:600219,5.410000,5.290000,earnings:,0.021865,all earnings, 0.020742
600366-600362,Close,OpenTime,2013092593100,CloseTime,2013093093200,Sell:600366,16.460000,15.640000,earnings:,0.049818,Buy:600362,16.320000,16.280000,earnings:,-0.002103,all earnings, 0.025681
600366-600362,Close,OpenTime,2013102494000,CloseTime,2013102895400,Sell:600366,15.270000,14.610000,earnings:,0.043222,Buy:600362,15.330000,15.030000,earnings:,-0.016790,all earnings, 0.014226
600366-600362,Close,OpenTime,20130925100000,CloseTime,20130927144100,Sell:600366,16.550000,15.520000,earnings:,0.062236,Buy:600362,16.500000,16.170000,earnings:,-0.017159,all earnings, 0.024261
600366-600362,Close,OpenTime,20131024100000,CloseTime,20131025130700,Sell:600366,15.270000,14.650000,earnings:,0.040602,Buy:600362,15.360000,15.070000,earnings:,-0.016198,all earnings, 0.013135
600366-600362,Close,OpenTime,20131106130000,CloseTime,20131107105300,Sell:600366,15.100000,14.720000,earnings:,0.025166,Buy:600362,15.160000,15.150000,earnings:,-0.000566,all earnings, 0.013240
600366-600362,Close,OpenTime,20131119131600,CloseTime,20131122135100,Sell:600366,14.860000,14.510000,earnings:,0.023553,Buy:600362,14.880000,14.920000,earnings:,0.002306,all earnings, 0.013918
600366-600362,Close,OpenTime,2013103093100,CloseTime,2013110493200,Buy:600366,13.830000,14.950000,earnings:,0.080983,Sell:600362,14.920000,15.420000,earnings:,-0.028752,all earnings, 0.028112
600366-600362,Close,OpenTime,2013110593600,CloseTime,2013110693300,Buy:600366,14.240000,14.730000,earnings:,0.034410,Sell:600362,15.050000,15.170000,earnings:,-0.006841,all earnings, 0.014838
600366-600362,Close,OpenTime,20131029110800,CloseTime,20131105101700,Buy:600366,14.220000,14.660000,earnings:,0.030942,Sell:600362,15.000000,15.040000,earnings:,-0.002288,all earnings, 0.015423
601169-600000,Close,OpenTime,2013093095500,CloseTime,2013103193100,Sell:601169,8.170000,8.150000,earnings:,0.002448,Buy:600000,10.160000,10.520000,earnings:,0.029680,all earnings, 0.017483
601169-600000,Close,OpenTime,20131009131700,CloseTime,20131011135800,Sell:601169,8.180000,8.280000,earnings:,-0.012225,Buy:600000,10.160000,10.630000,earnings:,0.038749,all earnings, 0.014434
601169-600000,Close,OpenTime,20131016100300,CloseTime,20131031100000,Sell:601169,8.050000,8.000000,earnings:,0.006211,Buy:600000,9.970000,10.320000,earnings:,0.029405,all earnings, 0.019382
601169-600000,Close,OpenTime,2013092594800,CloseTime,2013092694100,Buy:601169,8.270000,8.200000,earnings:,-0.008464,Sell:600000,10.960000,10.450000,earnings:,0.038977,all earnings, 0.016604
601169-600000,Close,OpenTime,2013103194100,CloseTime,2013111494900,Buy:601169,8.040000,7.570000,earnings:,-0.058458,Sell:600000,10.540000,9.540000,earnings:,0.079471,all earnings, 0.011435
601169-600000,Close,OpenTime,20130925100000,CloseTime,20130926100000,Buy:601169,8.330000,8.170000,earnings:,-0.019208,Sell:600000,11.120000,10.450000,earnings:,0.050469,all earnings, 0.017012
601169-600000,Close,OpenTime,20131112100000,CloseTime,20131114100000,Buy:601169,7.790000,7.560000,earnings:,-0.029525,Sell:600000,10.180000,9.440000,earnings:,0.060888,all earnings, 0.017067
601169-600000,Close,OpenTime,20131204104900,CloseTime,20131209100300,Buy:601169,8.050000,7.950000,earnings:,-0.012422,Sell:600000,10.550000,10.120000,earnings:,0.034140,all earnings, 0.011818
600549-000540,Close,OpenTime,2013101194200,CloseTime,2013101694900,Sell:600549,30.280000,29.620000,earnings:,0.021797,Buy:000540,6.960000,7.150000,earnings:,0.022467,all earnings, 0.024281
600549-000540,Close,OpenTime,2013102493100,CloseTime,2013102993200,Sell:600549,29.590000,28.000000,earnings:,0.053734,Buy:000540,6.760000,6.680000,earnings:,-0.009740,all earnings, 0.024133
600549-000540,Close,OpenTime,2013110493100,CloseTime,2013110593600,Sell:600549,29.300000,27.910000,earnings:,0.047440,Buy:000540,6.650000,6.640000,earnings:,-0.001238,all earnings, 0.025344
600549-000540,Close,OpenTime,20131010135600,CloseTime,20131016100000,Sell:600549,30.350000,29.580000,earnings:,0.025371,Buy:000540,6.970000,7.130000,earnings:,0.018893,all earnings, 0.024280
600549-000540,Close,OpenTime,2013103193100,CloseTime,2013110193100,Buy:600549,27.450000,27.760000,earnings:,0.011293,Sell:000540,7.000000,6.600000,earnings:,0.047030,all earnings, 0.031992
600549-000540,Close,OpenTime,2013121793100,CloseTime,20130925100000,Buy:600549,25.190000,30.350000,earnings:,0.204843,Sell:000540,6.250000,7.040000,earnings:,-0.104029,all earnings, 0.055300
600549-000540,Close,OpenTime,20131031100000,CloseTime,20131101100000,Buy:600549,27.500000,28.400000,earnings:,0.032727,Sell:000540,6.900000,6.720000,earnings:,0.021470,all earnings, 0.029729
000983-000895,Close,OpenTime,2013092593700,CloseTime,2013101193400,Sell:000983,8.240000,8.150000,earnings:,0.010922,Buy:000895,45.800000,47.610000,earnings:,0.030256,all earnings, 0.023323
000983-000895,Close,OpenTime,2013101893400,CloseTime,2013102193600,Sell:000983,8.300000,8.210000,earnings:,0.010843,Buy:000895,46.100000,48.000000,earnings:,0.031553,all earnings, 0.024013
000983-000895,Close,OpenTime,2013112194400,CloseTime,2013120293400,Sell:000983,7.990000,7.780000,earnings:,0.026283,Buy:000895,43.860000,44.890000,earnings:,0.017979,all earnings, 0.025069
000983-000895,Close,OpenTime,20130925100000,CloseTime,20131010130400,Sell:000983,8.330000,8.040000,earnings:,0.034814,Buy:000895,45.920000,46.720000,earnings:,0.013338,all earnings, 0.027272
000983-000895,Close,OpenTime,20131017110600,CloseTime,20131021100000,Sell:000983,8.480000,8.160000,earnings:,0.037736,Buy:000895,47.430000,48.900000,earnings:,0.023728,all earnings, 0.034812
000983-000895,Close,OpenTime,20131023140900,CloseTime,20131024100000,Sell:000983,8.580000,8.350000,earnings:,0.026807,Buy:000895,48.260000,49.170000,earnings:,0.014436,all earnings, 0.023359
000983-000895,Close,OpenTime,20131107134900,CloseTime,20131108145500,Sell:000983,7.720000,7.530000,earnings:,0.024611,Buy:000895,42.000000,42.980000,earnings:,0.017864,all earnings, 0.024057
000983-000895,Close,OpenTime,20131121100000,CloseTime,20131202100500,Sell:000983,8.020000,7.910000,earnings:,0.013716,Buy:000895,44.000000,45.780000,earnings:,0.030971,all earnings, 0.025310
000983-000895,Close,OpenTime,2013102295900,CloseTime,2013102393400,Buy:000983,8.310000,8.420000,earnings:,0.013237,Sell:000895,51.500000,49.630000,earnings:,0.027799,all earnings, 0.023242
000983-000895,Close,OpenTime,2013103093100,CloseTime,2013110793100,Buy:000983,7.630000,7.680000,earnings:,0.006553,Sell:000895,46.700000,43.700000,earnings:,0.049181,all earnings, 0.031567
000983-000895,Close,OpenTime,20131022100100,CloseTime,20131022133200,Buy:000983,8.330000,8.400000,earnings:,0.008403,Sell:000895,51.600000,49.520000,earnings:,0.030861,all earnings, 0.022239
000983-000895,Close,OpenTime,20131028111800,CloseTime,20131106132700,Buy:000983,7.690000,7.690000,earnings:,0.000000,Sell:000895,46.510000,44.180000,earnings:,0.038353,all earnings, 0.021723
601169-601168,Close,OpenTime,2013102993100,CloseTime,2013110693100,Sell:601169,8.140000,7.810000,earnings:,0.040541,Buy:601168,5.850000,5.780000,earnings:,-0.012067,all earnings, 0.014177
601169-601168,Close,OpenTime,2013111394400,CloseTime,2013112093200,Sell:601169,7.700000,7.900000,earnings:,-0.025974,Buy:601168,5.550000,5.850000,earnings:,0.054511,all earnings, 0.014208
601169-601168,Close,OpenTime,2013120393100,CloseTime,2013120693100,Sell:601169,7.930000,7.970000,earnings:,-0.005044,Buy:601168,5.690000,5.950000,earnings:,0.046081,all earnings, 0.020432
601169-601168,Close,OpenTime,20131028100000,CloseTime,20131105145000,Sell:601169,8.080000,7.850000,earnings:,0.028465,Buy:601168,5.810000,5.800000,earnings:,-0.001736,all earnings, 0.013309
601169-601168,Close,OpenTime,20131111102500,CloseTime,20131118105200,Sell:601169,7.760000,7.730000,earnings:,0.003866,Buy:601168,5.590000,5.710000,earnings:,0.021648,all earnings, 0.012703
601169-601168,Close,OpenTime,20131202110700,CloseTime,20131205102300,Sell:601169,7.880000,7.990000,earnings:,-0.013959,Buy:601168,5.650000,5.900000,earnings:,0.044622,all earnings, 0.015267
601169-601168,Close,OpenTime,2013101593600,CloseTime,2013102893100,Buy:601169,8.150000,8.090000,earnings:,-0.007362,Sell:601168,6.190000,5.890000,earnings:,0.048875,all earnings, 0.020669
601169-601168,Close,OpenTime,20131014142000,CloseTime,20131025102000,Buy:601169,8.160000,8.100000,earnings:,-0.007353,Sell:601168,6.200000,5.990000,earnings:,0.034157,all earnings, 0.013346
601169-601168,Close,OpenTime,20131213111300,CloseTime,20131216105400,Buy:601169,7.700000,7.740000,earnings:,0.005195,Sell:601168,5.840000,5.720000,earnings:,0.020722,all earnings, 0.012904
600362-000060,Close,OpenTime,2013092794000,CloseTime,2013101193100,Sell:600362,16.110000,16.240000,earnings:,-0.008070,Buy:000060,6.930000,7.090000,earnings:,0.022730,all earnings, 0.007388
600362-000060,Close,OpenTime,2013103093300,CloseTime,2013110195000,Sell:600362,14.950000,15.100000,earnings:,-0.010033,Buy:000060,6.430000,6.590000,earnings:,0.024498,all earnings, 0.007289
600362-000060,Close,OpenTime,2013110593100,CloseTime,2013110893100,Sell:600362,15.080000,15.000000,earnings:,0.005305,Buy:000060,6.480000,6.540000,earnings:,0.009116,all earnings, 0.007267
600362-000060,Close,OpenTime,2013110895100,CloseTime,2013111295600,Sell:600362,15.100000,14.690000,earnings:,0.027152,Buy:000060,6.490000,6.410000,earnings:,-0.012136,all earnings, 0.007567
600362-000060,Close,OpenTime,2013111394900,CloseTime,2013111493100,Sell:600362,14.700000,14.430000,earnings:,0.018367,Buy:000060,6.320000,6.310000,earnings:,-0.001558,all earnings, 0.008470
600362-000060,Close,OpenTime,2013121795000,CloseTime,2013121893200,Sell:600362,14.850000,14.620000,earnings:,0.015488,Buy:000060,6.380000,6.380000,earnings:,0.000000,all earnings, 0.007805
600362-000060,Close,OpenTime,20130927100600,CloseTime,20131010131200,Sell:600362,16.150000,15.970000,earnings:,0.011146,Buy:000060,6.950000,6.970000,earnings:,0.002833,all earnings, 0.007044
600362-000060,Close,OpenTime,20131010140200,CloseTime,20131010144200,Sell:600362,16.380000,16.090000,earnings:,0.017705,Buy:000060,7.050000,7.020000,earnings:,-0.004189,all earnings, 0.006810
600362-000060,Close,OpenTime,20131029130400,CloseTime,20131031110200,Sell:600362,14.960000,14.980000,earnings:,-0.001337,Buy:000060,6.420000,6.530000,earnings:,0.016868,all earnings, 0.007826
600362-000060,Close,OpenTime,20131101102100,CloseTime,20131112100000,Sell:600362,15.340000,14.710000,earnings:,0.041069,Buy:000060,6.600000,6.410000,earnings:,-0.028342,all earnings, 0.006413
600362-000060,Close,OpenTime,20131112141500,CloseTime,20131113145600,Sell:600362,14.930000,14.420000,earnings:,0.034159,Buy:000060,6.420000,6.280000,earnings:,-0.021469,all earnings, 0.006395
600362-000060,Close,OpenTime,20131219101500,CloseTime,20131219102600,Sell:600362,14.700000,14.710000,earnings:,-0.000680,Buy:000060,6.320000,6.410000,earnings:,0.014020,all earnings, 0.006722
600362-000060,Close,OpenTime,2013092594600,CloseTime,2013092693100,Buy:600362,16.320000,16.360000,earnings:,0.002451,Sell:000060,7.220000,7.130000,earnings:,0.012272,all earnings, 0.007419
600362-000060,Close,OpenTime,2013101793100,CloseTime,2013102493100,Buy:600362,15.660000,15.420000,earnings:,-0.015326,Sell:000060,6.930000,6.720000,earnings:,0.029833,all earnings, 0.007311
600362-000060,Close,OpenTime,2013111494600,CloseTime,2013111994400,Buy:600362,14.460000,15.000000,earnings:,0.037344,Sell:000060,6.390000,6.540000,earnings:,-0.023110,all earnings, 0.007173
600362-000060,Close,OpenTime,2013120294900,CloseTime,2013120495000,Buy:600362,15.200000,15.150000,earnings:,-0.003289,Sell:000060,6.720000,6.590000,earnings:,0.019045,all earnings, 0.007939
600362-000060,Close,OpenTime,2013120693800,CloseTime,2013120993400,Buy:600362,15.280000,15.420000,earnings:,0.009162,Sell:000060,6.760000,6.720000,earnings:,0.005825,all earnings, 0.007552
600362-000060,Close,OpenTime,20131016132800,CloseTime,20131018133800,Buy:600362,15.600000,15.650000,earnings:,0.003205,Sell:000060,6.900000,6.820000,earnings:,0.011415,all earnings, 0.007367
600362-000060,Close,OpenTime,20131021103300,CloseTime,20131021130200,Buy:600362,15.250000,15.630000,earnings:,0.024918,Sell:000060,6.740000,6.820000,earnings:,-0.011685,all earnings, 0.006668
600362-000060,Close,OpenTime,20131022102100,CloseTime,20131024101000,Buy:600362,15.440000,15.390000,earnings:,-0.003238,Sell:000060,6.830000,6.710000,earnings:,0.017297,all earnings, 0.007084
600362-000060,Close,OpenTime,20131025105200,CloseTime,20131025141100,Buy:600362,15.100000,15.000000,earnings:,-0.006623,Sell:000060,6.680000,6.520000,earnings:,0.023581,all earnings, 0.008545
600362-000060,Close,OpenTime,20131114100000,CloseTime,20131115101100,Buy:600362,14.430000,14.740000,earnings:,0.021483,Sell:000060,6.400000,6.410000,earnings:,-0.001538,all earnings, 0.010050
600362-000060,Close,OpenTime,20131115110000,CloseTime,20131115111500,Buy:600362,14.800000,14.910000,earnings:,0.007432,Sell:000060,6.540000,6.500000,earnings:,0.006021,all earnings, 0.006779
600362-000060,Close,OpenTime,20131127104300,CloseTime,20131127140100,Buy:600362,14.620000,14.740000,earnings:,0.008208,Sell:000060,6.460000,6.420000,earnings:,0.006096,all earnings, 0.007208
600362-000060,Close,OpenTime,20131202100200,CloseTime,20131206144800,Buy:600362,15.300000,15.380000,earnings:,0.005229,Sell:000060,6.770000,6.710000,earnings:,0.008725,all earnings, 0.007032
600362-000060,Close,OpenTime,20131210111200,CloseTime,20131211111300,Buy:600362,15.140000,15.090000,earnings:,-0.003303,Sell:000060,6.690000,6.570000,earnings:,0.017659,all earnings, 0.007234
000630-000540,Close,OpenTime,2013120393100,CloseTime,2013121693200,Sell:000630,10.480000,10.540000,earnings:,-0.005725,Buy:000540,6.080000,6.380000,earnings:,0.052356,all earnings, 0.022625
000630-000540,Close,OpenTime,20130930104600,CloseTime,20131008102200,Sell:000630,11.560000,11.470000,earnings:,0.007785,Buy:000540,6.720000,6.920000,earnings:,0.031580,all earnings, 0.019099
000630-000540,Close,OpenTime,20131128131500,CloseTime,20131216100400,Sell:000630,10.930000,10.470000,earnings:,0.042086,Buy:000540,6.380000,6.340000,earnings:,-0.006653,all earnings, 0.017192
000630-000540,Close,OpenTime,2013092693100,CloseTime,2013093093100,Buy:000630,11.560000,11.760000,earnings:,0.017301,Sell:000540,7.400000,7.020000,earnings:,0.054488,all earnings, 0.034831
000630-000540,Close,OpenTime,2013101793100,CloseTime,2013111293100,Buy:000630,11.350000,10.370000,earnings:,-0.086344,Sell:000540,7.130000,6.300000,earnings:,0.123521,all earnings, 0.018038
000630-000540,Close,OpenTime,20130926100000,CloseTime,20130930100000,Buy:000630,11.470000,11.550000,earnings:,0.006975,Sell:000540,7.380000,6.970000,earnings:,0.058949,all earnings, 0.031985
000630-000540,Close,OpenTime,20131016133500,CloseTime,20131029112800,Buy:000630,11.270000,10.750000,earnings:,-0.046140,Sell:000540,7.070000,6.510000,earnings:,0.084046,all earnings, 0.018391
000630-000540,Close,OpenTime,20131030140900,CloseTime,20131111100700,Buy:000630,10.690000,10.290000,earnings:,-0.037418,Sell:000540,6.710000,6.240000,earnings:,0.074324,all earnings, 0.017906
002340-002011,Close,OpenTime,2013092593600,CloseTime,2013101193100,Sell:002340,11.700000,11.180000,earnings:,0.044444,Buy:002011,9.790000,9.780000,earnings:,-0.000900,all earnings, 0.023149
002340-002011,Close,OpenTime,2013101793300,CloseTime,2013103193600,Sell:002340,11.690000,10.360000,earnings:,0.113772,Buy:002011,9.750000,8.890000,earnings:,-0.077711,all earnings, 0.019171
002340-002011,Close,OpenTime,2013110893100,CloseTime,2013111193100,Sell:002340,10.270000,9.830000,earnings:,0.042843,Buy:002011,8.400000,8.460000,earnings:,0.006293,all earnings, 0.026122
002340-002011,Close,OpenTime,20130925101400,CloseTime,20131010131000,Sell:002340,11.650000,11.130000,earnings:,0.044635,Buy:002011,9.740000,9.670000,earnings:,-0.006332,all earnings, 0.020363
002340-002011,Close,OpenTime,20131016110300,CloseTime,20131025143100,Sell:002340,11.650000,11.730000,earnings:,-0.006867,Buy:002011,9.710000,10.250000,earnings:,0.048996,all earnings, 0.022397
002340-002011,Close,OpenTime,20131029100600,CloseTime,20131031100000,Sell:002340,10.550000,10.240000,earnings:,0.029384,Buy:002011,8.700000,8.820000,earnings:,0.012152,all earnings, 0.022082
002340-002011,Close,OpenTime,20131107101600,CloseTime,20131108141900,Sell:002340,10.320000,9.910000,earnings:,0.039729,Buy:002011,8.490000,8.450000,earnings:,-0.004151,all earnings, 0.018914
002340-002011,Close,OpenTime,2013101494800,CloseTime,2013101593800,Buy:002340,10.900000,11.570000,earnings:,0.061468,Sell:002011,9.890000,10.050000,earnings:,-0.014253,all earnings, 0.025100
002340-002011,Close,OpenTime,2013111493900,CloseTime,2013111593900,Buy:002340,9.430000,9.780000,earnings:,0.037116,Sell:002011,8.350000,8.330000,earnings:,0.002110,all earnings, 0.020853
002340-002011,Close,OpenTime,2013121293100,CloseTime,2013121994000,Buy:002340,10.200000,10.290000,earnings:,0.008824,Sell:002011,9.220000,8.830000,earnings:,0.037267,all earnings, 0.024503
002340-002011,Close,OpenTime,20131014100300,CloseTime,20131014144500,Buy:002340,10.990000,11.500000,earnings:,0.046406,Sell:002011,9.920000,10.000000,earnings:,-0.007105,all earnings, 0.020893
002340-002011,Close,OpenTime,20131211130900,CloseTime,20131220103000,Buy:002340,10.170000,10.000000,earnings:,-0.016716,Sell:002011,9.080000,8.550000,earnings:,0.051426,all earnings, 0.018453
600048-600016,Close,OpenTime,2013092593300,CloseTime,2013093093900,Sell:600048,10.310000,9.940000,earnings:,0.035887,Buy:600016,9.610000,9.550000,earnings:,-0.005742,all earnings, 0.015703
600048-600016,Close,OpenTime,2013100993400,CloseTime,2013100995400,Sell:600048,10.260000,10.220000,earnings:,0.003899,Buy:600016,9.570000,9.820000,earnings:,0.024026,all earnings, 0.014546
600048-600016,Close,OpenTime,2013101194100,CloseTime,2013101593300,Sell:600048,10.190000,9.850000,earnings:,0.033366,Buy:600016,9.500000,9.460000,earnings:,-0.003873,all earnings, 0.015363
600048-600016,Close,OpenTime,2013102295200,CloseTime,2013102493100,Sell:600048,9.710000,9.390000,earnings:,0.032956,Buy:600016,8.990000,8.960000,earnings:,-0.003069,all earnings, 0.015568
600048-600016,Close,OpenTime,2013103193100,CloseTime,2013110493200,Sell:600048,9.750000,9.730000,earnings:,0.002051,Buy:600016,8.950000,9.310000,earnings:,0.036995,all earnings, 0.020339
600048-600016,Close,OpenTime,20130926101300,CloseTime,20130930101600,Sell:600048,10.300000,9.940000,earnings:,0.034951,Buy:600016,9.600000,9.530000,earnings:,-0.006706,all earnings, 0.014713
600048-600016,Close,OpenTime,20131008101900,CloseTime,20131009100500,Sell:600048,10.080000,10.240000,earnings:,-0.015873,Buy:600016,9.370000,9.880000,earnings:,0.050060,all earnings, 0.017808
600048-600016,Close,OpenTime,20131022100000,CloseTime,20131025102400,Sell:600048,9.730000,9.430000,earnings:,0.030832,Buy:600016,8.980000,9.000000,earnings:,0.002048,all earnings, 0.017128
600048-600016,Close,OpenTime,20131031100000,CloseTime,20131104132200,Sell:600048,9.760000,9.590000,earnings:,0.017418,Buy:600016,8.910000,9.180000,earnings:,0.027871,all earnings, 0.023591
600048-600016,Close,OpenTime,2013103093100,CloseTime,2013103193100,Buy:600048,9.180000,9.750000,earnings:,0.062092,Sell:600016,9.150000,8.950000,earnings:,0.020103,all earnings, 0.042816
600048-600016,Close,OpenTime,2013111293100,CloseTime,2013111493100,Buy:600048,8.980000,9.090000,earnings:,0.012249,Sell:600016,8.900000,8.550000,earnings:,0.036169,all earnings, 0.025222
600048-600016,Close,OpenTime,2013112593700,CloseTime,2013120595200,Buy:600048,8.720000,9.030000,earnings:,0.035550,Sell:600016,8.530000,8.570000,earnings:,-0.004313,all earnings, 0.016272
600048-600016,Close,OpenTime,20131029101500,CloseTime,20131031100000,Buy:600048,9.240000,9.760000,earnings:,0.056277,Sell:600016,9.090000,8.910000,earnings:,0.018213,all earnings, 0.038802
600048-600016,Close,OpenTime,20131111100300,CloseTime,20131113100800,Buy:600048,8.900000,9.080000,earnings:,0.020225,Sell:600016,8.730000,8.630000,earnings:,0.010535,all earnings, 0.016023
600048-600016,Close,OpenTime,20131125100200,CloseTime,20131204100700,Buy:600048,8.730000,9.030000,earnings:,0.034364,Sell:600016,8.540000,8.590000,earnings:,-0.005385,all earnings, 0.015096
600549-000758,Close,OpenTime,2013110493300,CloseTime,2013112894200,Sell:600549,29.380000,26.600000,earnings:,0.094622,Buy:000758,12.700000,11.850000,earnings:,-0.066211,all earnings, 0.014282
600549-000758,Close,OpenTime,20131029130900,CloseTime,20131107103700,Sell:600549,27.840000,27.680000,earnings:,0.005747,Buy:000758,12.040000,12.340000,earnings:,0.024649,all earnings, 0.015280
600549-000758,Close,OpenTime,20131107133900,CloseTime,20131128101100,Sell:600549,27.970000,26.710000,earnings:,0.045048,Buy:000758,12.100000,11.900000,earnings:,-0.016351,all earnings, 0.014426
600549-000758,Close,OpenTime,2013101193900,CloseTime,2013101693100,Buy:600549,30.120000,29.970000,earnings:,-0.004980,Sell:000758,13.900000,13.300000,earnings:,0.042702,all earnings, 0.018963
600549-000758,Close,OpenTime,2013102393100,CloseTime,2013102595000,Buy:600549,29.210000,28.880000,earnings:,-0.011298,Sell:000758,13.460000,12.830000,earnings:,0.046303,all earnings, 0.017597
600549-000758,Close,OpenTime,2013121893200,CloseTime,20130925100000,Buy:600549,24.900000,30.350000,earnings:,0.218876,Sell:000758,11.440000,13.530000,earnings:,-0.180731,all earnings, 0.019175
600549-000758,Close,OpenTime,20130926110100,CloseTime,20131008100000,Buy:600549,30.190000,29.240000,earnings:,-0.031467,Sell:000758,13.920000,12.990000,earnings:,0.066093,all earnings, 0.017406
600549-000758,Close,OpenTime,20131010130200,CloseTime,20131014100500,Buy:600549,29.710000,30.190000,earnings:,0.016156,Sell:000758,13.880000,13.480000,earnings:,0.028509,all earnings, 0.022453
600549-000758,Close,OpenTime,20131202105800,CloseTime,20131205104100,Buy:600549,26.850000,27.200000,earnings:,0.013035,Sell:000758,12.440000,12.130000,earnings:,0.024652,all earnings, 0.018945
601168-000983,Close,OpenTime,2013121193400,CloseTime,20130925100000,Sell:601168,5.910000,6.160000,earnings:,-0.042301,Buy:000983,7.710000,8.330000,earnings:,0.088099,all earnings, 0.021855
601168-000983,Close,OpenTime,20131210141500,CloseTime,2013092593200,Buy:601168,5.940000,6.140000,earnings:,0.033670,Sell:000983,7.750000,8.230000,earnings:,-0.067854,all earnings, -0.016312
601168-000983,Close,OpenTime,2013092795300,CloseTime,2013101093100,Buy:601168,6.030000,6.100000,earnings:,0.011609,Sell:000983,8.350000,8.170000,earnings:,0.023617,all earnings, 0.016810
601168-000983,Close,OpenTime,2013102394300,CloseTime,2013102993100,Buy:601168,6.160000,5.850000,earnings:,-0.050325,Sell:000983,8.530000,7.790000,earnings:,0.095042,all earnings, 0.021339
601168-000983,Close,OpenTime,2013111494400,CloseTime,2013112093400,Buy:601168,5.510000,5.850000,earnings:,0.061706,Sell:000983,7.700000,7.870000,earnings:,-0.024188,all earnings, 0.017904
601168-000983,Close,OpenTime,2013112194400,CloseTime,2013112694500,Buy:601168,5.760000,5.740000,earnings:,-0.003472,Sell:000983,7.990000,7.740000,earnings:,0.034279,all earnings, 0.014701
601168-000983,Close,OpenTime,2013112893100,CloseTime,2013120393300,Buy:601168,5.760000,5.710000,earnings:,-0.008681,Sell:000983,8.000000,7.700000,earnings:,0.041083,all earnings, 0.015463
601168-000983,Close,OpenTime,20130927100300,CloseTime,20131009132400,Buy:601168,6.000000,6.090000,earnings:,0.015000,Sell:000983,8.290000,8.160000,earnings:,0.017180,all earnings, 0.015356
601168-000983,Close,OpenTime,20131017110600,CloseTime,20131022100400,Buy:601168,6.070000,6.210000,earnings:,0.023064,Sell:000983,8.480000,8.310000,earnings:,0.021963,all earnings, 0.021487
601168-000983,Close,OpenTime,20131022133700,CloseTime,20131028105100,Buy:601168,6.140000,5.840000,earnings:,-0.048860,Sell:000983,8.460000,7.860000,earnings:,0.077699,all earnings, 0.013762
601168-000983,Close,OpenTime,20131114100000,CloseTime,20131126100000,Buy:601168,5.490000,5.720000,earnings:,0.041894,Sell:000983,7.670000,7.700000,earnings:,-0.004285,all earnings, 0.017947
600741-000625,Close,OpenTime,2013101194300,CloseTime,2013101493100,Sell:600741,10.170000,10.450000,earnings:,-0.027532,Buy:000625,10.830000,11.790000,earnings:,0.082512,all earnings, 0.028475
600741-000625,Close,OpenTime,2013102995300,CloseTime,2013103194800,Sell:600741,10.470000,10.380000,earnings:,0.008596,Buy:000625,11.190000,11.650000,earnings:,0.038265,all earnings, 0.024270
600741-000625,Close,OpenTime,2013112193200,CloseTime,2013112693100,Sell:600741,10.580000,10.200000,earnings:,0.035917,Buy:000625,11.300000,11.530000,earnings:,0.018946,all earnings, 0.028414
600741-000625,Close,OpenTime,20131010142200,CloseTime,20131011133200,Sell:600741,10.090000,10.210000,earnings:,-0.011893,Buy:000625,10.750000,11.420000,earnings:,0.058015,all earnings, 0.023887
600741-000625,Close,OpenTime,20131025111700,CloseTime,20131030132400,Sell:600741,10.550000,10.530000,earnings:,0.001896,Buy:000625,11.280000,11.800000,earnings:,0.042911,all earnings, 0.023206
600741-000625,Close,OpenTime,20131115102200,CloseTime,20131125101100,Sell:600741,10.610000,10.210000,earnings:,0.037700,Buy:000625,11.300000,11.410000,earnings:,0.009061,all earnings, 0.024218
600741-000625,Close,OpenTime,20131219105300,CloseTime,2013092594500,Buy:600741,10.800000,9.400000,earnings:,-0.129630,Sell:000625,11.530000,10.450000,earnings:,0.087191,all earnings, -0.021980
600741-000625,Close,OpenTime,2013102193100,CloseTime,2013102494500,Buy:600741,10.150000,10.120000,earnings:,-0.002956,Sell:000625,11.940000,11.310000,earnings:,0.049115,all earnings, 0.023906
600741-000625,Close,OpenTime,2013110693100,CloseTime,2013110893100,Buy:600741,10.250000,9.980000,earnings:,-0.026341,Sell:000625,12.080000,11.080000,earnings:,0.077056,all earnings, 0.026266
600741-000625,Close,OpenTime,2013111395100,CloseTime,2013111593100,Buy:600741,9.550000,10.140000,earnings:,0.061780,Sell:000625,11.160000,11.250000,earnings:,-0.007507,all earnings, 0.028109
600741-000625,Close,OpenTime,20131017134300,CloseTime,20131024100000,Buy:600741,10.070000,10.230000,earnings:,0.015889,Sell:000625,11.810000,11.400000,earnings:,0.032315,all earnings, 0.024965
600741-000625,Close,OpenTime,20131105134100,CloseTime,20131107100300,Buy:600741,10.300000,9.990000,earnings:,-0.030097,Sell:000625,12.100000,11.180000,earnings:,0.070775,all earnings, 0.021067
600741-000625,Close,OpenTime,20131113100000,CloseTime,20131114141000,Buy:600741,9.480000,9.940000,earnings:,0.048523,Sell:000625,11.250000,11.070000,earnings:,0.014893,all earnings, 0.032844
000937-000858,Close,OpenTime,2013102893100,CloseTime,2013103194100,Sell:000937,8.750000,8.080000,earnings:,0.076571,Buy:000858,16.350000,16.090000,earnings:,-0.016504,all earnings, 0.029476
000937-000858,Close,OpenTime,2013112193800,CloseTime,2013112693100,Sell:000937,8.680000,8.360000,earnings:,0.036866,Buy:000858,16.720000,16.620000,earnings:,-0.006207,all earnings, 0.015045
000937-000858,Close,OpenTime,2013112893100,CloseTime,2013121193100,Sell:000937,8.760000,8.320000,earnings:,0.050228,Buy:000858,16.550000,16.720000,earnings:,0.010661,all earnings, 0.029879
000937-000858,Close,OpenTime,20131028100000,CloseTime,20131031103300,Sell:000937,8.600000,8.140000,earnings:,0.053488,Buy:000858,16.400000,16.280000,earnings:,-0.007594,all earnings, 0.022521
000937-000858,Close,OpenTime,20131121100000,CloseTime,20131125100300,Sell:000937,8.710000,8.360000,earnings:,0.040184,Buy:000858,16.670000,16.620000,earnings:,-0.003113,all earnings, 0.018191
000937-000858,Close,OpenTime,20131127143600,CloseTime,20131202110600,Sell:000937,8.580000,8.230000,earnings:,0.040793,Buy:000858,16.500000,16.410000,earnings:,-0.005661,all earnings, 0.017239
000937-000858,Close,OpenTime,20131205100000,CloseTime,20131206105900,Sell:000937,8.680000,8.480000,earnings:,0.023041,Buy:000858,16.710000,16.850000,earnings:,0.008695,all earnings, 0.015574
000937-000858,Close,OpenTime,2013101693100,CloseTime,2013102594600,Buy:000937,8.920000,8.950000,earnings:,0.003363,Sell:000858,18.480000,17.780000,earnings:,0.039313,all earnings, 0.020942
000937-000858,Close,OpenTime,2013111395800,CloseTime,2013111494100,Buy:000937,8.310000,8.340000,earnings:,0.003610,Sell:000858,17.070000,16.590000,earnings:,0.029184,all earnings, 0.016092
000937-000858,Close,OpenTime,20131014103400,CloseTime,20131023101300,Buy:000937,8.990000,9.220000,earnings:,0.025584,Sell:000858,18.400000,18.250000,earnings:,0.008461,all earnings, 0.016706
000937-000858,Close,OpenTime,20131112132100,CloseTime,20131114100000,Buy:000937,8.400000,8.340000,earnings:,-0.007143,Sell:000858,17.240000,16.500000,earnings:,0.044549,all earnings, 0.018355
601088-600900,Close,OpenTime,2013102393100,CloseTime,2013102893400,Sell:601088,17.010000,16.150000,earnings:,0.050558,Buy:600900,6.510000,6.330000,earnings:,-0.021933,all earnings, 0.015963
601088-600900,Close,OpenTime,2013112893100,CloseTime,2013121193800,Sell:601088,16.980000,16.720000,earnings:,0.015312,Buy:600900,6.510000,6.600000,earnings:,0.010967,all earnings, 0.014654
601088-600900,Close,OpenTime,20131021110100,CloseTime,20131025143300,Sell:601088,16.920000,16.080000,earnings:,0.049645,Buy:600900,6.510000,6.300000,earnings:,-0.025589,all earnings, 0.013415
601088-600900,Close,OpenTime,20131128100000,CloseTime,20131202104300,Sell:601088,17.080000,16.800000,earnings:,0.016393,Buy:600900,6.550000,6.680000,earnings:,0.015744,all earnings, 0.017921
601088-600900,Close,OpenTime,20131204100800,CloseTime,20131211100000,Sell:601088,17.150000,16.660000,earnings:,0.028571,Buy:600900,6.620000,6.600000,earnings:,-0.002397,all earnings, 0.014596
601088-600900,Close,OpenTime,2013101693600,CloseTime,2013102193100,Buy:601088,16.550000,16.830000,earnings:,0.016918,Sell:600900,6.720000,6.590000,earnings:,0.015346,all earnings, 0.017992
601088-600900,Close,OpenTime,2013103095900,CloseTime,2013103194300,Buy:601088,16.260000,16.390000,earnings:,0.007995,Sell:600900,6.560000,6.440000,earnings:,0.014511,all earnings, 0.012550
601088-600900,Close,OpenTime,20130925104900,CloseTime,20131017111400,Buy:601088,16.810000,16.930000,earnings:,0.007139,Sell:600900,6.840000,6.700000,earnings:,0.016236,all earnings, 0.013035
601088-600900,Close,OpenTime,20131030100100,CloseTime,20131101100000,Buy:601088,16.190000,16.460000,earnings:,0.016677,Sell:600900,6.540000,6.480000,earnings:,0.007278,all earnings, 0.013358
601388-002011,Close,OpenTime,2013101793300,CloseTime,2013101895100,Sell:601388,11.350000,11.270000,earnings:,0.007048,Buy:002011,9.750000,10.080000,earnings:,0.033573,all earnings, 0.020393
601388-002011,Close,OpenTime,2013102893300,CloseTime,2013102893600,Sell:601388,10.720000,10.530000,earnings:,0.017724,Buy:002011,9.280000,9.440000,earnings:,0.017102,all earnings, 0.017484
601388-002011,Close,OpenTime,2013102993400,CloseTime,2013103193100,Sell:601388,10.330000,9.850000,earnings:,0.046467,Buy:002011,8.910000,8.830000,earnings:,-0.008906,all earnings, 0.018856
601388-002011,Close,OpenTime,2013120595000,CloseTime,2013121093400,Sell:601388,10.140000,10.160000,earnings:,-0.001972,Buy:002011,8.730000,9.080000,earnings:,0.039769,all earnings, 0.018975
601388-002011,Close,OpenTime,20131016103000,CloseTime,20131018101200,Sell:601388,11.260000,11.310000,earnings:,-0.004440,Buy:002011,9.750000,10.140000,earnings:,0.039678,all earnings, 0.017690
601388-002011,Close,OpenTime,20131029100000,CloseTime,20131029135900,Sell:601388,10.350000,9.550000,earnings:,0.077295,Buy:002011,8.820000,8.590000,earnings:,-0.025867,all earnings, 0.025818
601388-002011,Close,OpenTime,20131107101800,CloseTime,20131108105400,Sell:601388,9.810000,9.410000,earnings:,0.040775,Buy:002011,8.480000,8.430000,earnings:,-0.005849,all earnings, 0.017534
601388-002011,Close,OpenTime,20131127111300,CloseTime,20131209112800,Sell:601388,10.050000,10.130000,earnings:,-0.007960,Buy:002011,8.690000,9.050000,earnings:,0.041093,all earnings, 0.016633
601388-002011,Close,OpenTime,2013092593100,CloseTime,2013101194800,Buy:601388,10.530000,10.980000,earnings:,0.042735,Sell:002011,9.850000,9.820000,earnings:,0.003021,all earnings, 0.022971
601388-002011,Close,OpenTime,2013102493100,CloseTime,2013102893200,Buy:601388,11.050000,10.710000,earnings:,-0.030769,Sell:002011,10.330000,9.480000,earnings:,0.081622,all earnings, 0.025529
601388-002011,Close,OpenTime,2013121295500,CloseTime,20130925112000,Buy:601388,10.020000,10.900000,earnings:,0.087824,Sell:002011,9.280000,9.770000,earnings:,-0.052376,all earnings, 0.017796
601388-002011,Close,OpenTime,20130926143900,CloseTime,20130927103100,Buy:601388,10.260000,10.550000,earnings:,0.028265,Sell:002011,9.510000,9.440000,earnings:,0.007301,all earnings, 0.017855
601388-002011,Close,OpenTime,20131008100000,CloseTime,20131009131500,Buy:601388,10.380000,10.780000,earnings:,0.038536,Sell:002011,9.620000,9.670000,earnings:,-0.005156,all earnings, 0.016758
601388-002011,Close,OpenTime,20131014141100,CloseTime,20131014145400,Buy:601388,10.820000,11.190000,earnings:,0.034196,Sell:002011,10.050000,10.020000,earnings:,0.002961,all earnings, 0.018654
601388-002011,Close,OpenTime,20131023142100,CloseTime,20131028100000,Buy:601388,11.200000,10.560000,earnings:,-0.057143,Sell:002011,10.380000,9.270000,earnings:,0.106075,all earnings, 0.024565
600031-000425,Close,OpenTime,2013092593100,CloseTime,2013101894000,Sell:600031,7.730000,7.460000,earnings:,0.034929,Buy:000425,8.400000,8.360000,earnings:,-0.003505,all earnings, 0.018100
600031-000425,Close,OpenTime,20130925100000,CloseTime,20131024102500,Sell:600031,7.800000,7.270000,earnings:,0.067949,Buy:000425,8.400000,8.060000,earnings:,-0.029795,all earnings, 0.021976
600031-000425,Close,OpenTime,20131204134800,CloseTime,20131209143200,Sell:600031,7.550000,7.290000,earnings:,0.034437,Buy:000425,8.150000,8.090000,earnings:,-0.005419,all earnings, 0.016714
600031-000425,Close,OpenTime,2013110793900,CloseTime,2013111393200,Buy:600031,7.000000,7.030000,earnings:,0.004286,Sell:000425,7.950000,7.710000,earnings:,0.022222,all earnings, 0.015269
600031-000425,Close,OpenTime,2013121993100,CloseTime,20130925100000,Buy:600031,6.910000,7.800000,earnings:,0.128799,Sell:000425,7.810000,8.400000,earnings:,-0.055609,all earnings, 0.042157
600031-000425,Close,OpenTime,20131105110700,CloseTime,20131112142600,Buy:600031,7.000000,7.060000,earnings:,0.008571,Sell:000425,7.950000,7.750000,earnings:,0.018519,all earnings, 0.015604
601388-002340,Close,OpenTime,2013112793100,CloseTime,2013121693100,Sell:601388,9.880000,10.020000,earnings:,-0.014170,Buy:002340,9.800000,10.490000,earnings:,0.073504,all earnings, 0.029029
601388-002340,Close,OpenTime,20131016105500,CloseTime,20131016130700,Sell:601388,11.460000,11.450000,earnings:,0.000873,Buy:002340,11.410000,11.850000,earnings:,0.040258,all earnings, 0.020123
601388-002340,Close,OpenTime,20131126140600,CloseTime,20131213103000,Sell:601388,9.800000,9.920000,earnings:,-0.012245,Buy:002340,9.810000,10.330000,earnings:,0.055338,all earnings, 0.021083
601388-002340,Close,OpenTime,2013092593100,CloseTime,2013101193100,Buy:601388,10.530000,10.780000,earnings:,0.023742,Sell:002340,11.750000,11.180000,earnings:,0.050644,all earnings, 0.036393
601388-002340,Close,OpenTime,2013102593100,CloseTime,2013102893300,Buy:601388,11.160000,10.720000,earnings:,-0.039427,Sell:002340,12.350000,11.080000,earnings:,0.107355,all earnings, 0.033234
601388-002340,Close,OpenTime,20130925100000,CloseTime,20131010132600,Buy:601388,10.560000,10.740000,earnings:,0.017045,Sell:002340,11.700000,11.130000,earnings:,0.050860,all earnings, 0.033222
601388-002340,Close,OpenTime,20131025100000,CloseTime,20131028105400,Buy:601388,11.150000,10.500000,earnings:,-0.058296,Sell:002340,12.280000,10.900000,earnings:,0.117319,all earnings, 0.028877
600649-002155,Close,OpenTime,2013121693100,CloseTime,2013121793200,Sell:600649,9.990000,9.300000,earnings:,0.069069,Buy:002155,8.540000,8.510000,earnings:,-0.003320,all earnings, 0.033805
600649-002155,Close,OpenTime,20131213111300,CloseTime,20131216131600,Sell:600649,9.920000,9.270000,earnings:,0.065524,Buy:002155,8.550000,8.490000,earnings:,-0.006631,all earnings, 0.030279
600649-002155,Close,OpenTime,2013120993100,CloseTime,2013121094700,Buy:600649,9.400000,10.060000,earnings:,0.070213,Sell:002155,9.300000,9.200000,earnings:,0.010161,all earnings, 0.041324
600649-002155,Close,OpenTime,20131209100000,CloseTime,20131210100000,Buy:600649,9.530000,9.970000,earnings:,0.046170,Sell:002155,9.460000,9.050000,earnings:,0.040956,all earnings, 0.044795
600219-002378,Close,OpenTime,2013101694100,CloseTime,2013102493100,Sell:600219,5.660000,5.300000,earnings:,0.063604,Buy:002378,19.400000,18.920000,earnings:,-0.020394,all earnings, 0.023686
600219-002378,Close,OpenTime,2013120393400,CloseTime,2013120493300,Sell:600219,5.420000,5.390000,earnings:,0.005535,Buy:002378,18.390000,19.100000,earnings:,0.031824,all earnings, 0.020479
600219-002378,Close,OpenTime,20131016100500,CloseTime,20131023142500,Sell:600219,5.570000,5.350000,earnings:,0.039497,Buy:002378,19.090000,18.920000,earnings:,-0.007340,all earnings, 0.017627
600219-002378,Close,OpenTime,20131203101800,CloseTime,20131204103000,Sell:600219,5.440000,5.460000,earnings:,-0.003676,Buy:002378,18.570000,19.400000,earnings:,0.036842,all earnings, 0.018180
600219-002378,Close,OpenTime,20131216102800,CloseTime,2013101193900,Buy:600219,5.300000,5.450000,earnings:,0.028302,Sell:002378,18.000000,19.430000,earnings:,-0.065484,all earnings, -0.020382
600219-002378,Close,OpenTime,20130926105200,CloseTime,20130927103200,Buy:600219,5.350000,5.550000,earnings:,0.037383,Sell:002378,19.770000,19.820000,earnings:,-0.002085,all earnings, 0.019349
600219-002378,Close,OpenTime,20130930102500,CloseTime,20131010132600,Buy:600219,5.370000,5.440000,earnings:,0.013035,Sell:002378,20.000000,19.400000,earnings:,0.024728,all earnings, 0.020701
600219-002378,Close,OpenTime,20131114135400,CloseTime,20131119105100,Buy:600219,4.950000,5.270000,earnings:,0.064646,Sell:002378,18.060000,18.540000,earnings:,-0.021908,all earnings, 0.023428
600219-002378,Close,OpenTime,20131128102700,CloseTime,20131203100000,Buy:600219,5.260000,5.410000,earnings:,0.028517,Sell:002378,19.470000,18.750000,earnings:,0.030482,all earnings, 0.032341
000878-000630,Close,OpenTime,2013101493100,CloseTime,2013102193400,Sell:000878,10.140000,9.400000,earnings:,0.072978,Buy:000630,11.830000,11.250000,earnings:,-0.040551,all earnings, 0.017748
000878-000630,Close,OpenTime,20131014100000,CloseTime,20131021100000,Sell:000878,10.080000,9.160000,earnings:,0.091270,Buy:000630,11.600000,10.990000,earnings:,-0.043494,all earnings, 0.026148
000878-000630,Close,OpenTime,2013102193800,CloseTime,2013102293300,Buy:000878,9.100000,9.350000,earnings:,0.027473,Sell:000630,11.240000,11.160000,earnings:,0.005887,all earnings, 0.018258
601857-601088,Close,OpenTime,2013120393200,CloseTime,20130925100000,Sell:601857,8.240000,7.940000,earnings:,0.036408,Buy:601088,17.020000,16.860000,earnings:,-0.007202,all earnings, 0.016536
601857-601088,Close,OpenTime,20131202145900,CloseTime,20131218105500,Sell:601857,8.270000,7.710000,earnings:,0.067715,Buy:601088,17.090000,16.130000,earnings:,-0.043038,all earnings, 0.013972
601857-601088,Close,OpenTime,20131220142700,CloseTime,2013100894600,Buy:601857,7.780000,7.840000,earnings:,0.007712,Sell:601088,15.740000,16.480000,earnings:,-0.036020,all earnings, -0.016028
601857-601088,Close,OpenTime,2013102293100,CloseTime,2013103193700,Buy:601857,7.800000,7.790000,earnings:,-0.001282,Sell:601088,16.980000,16.360000,earnings:,0.027975,all earnings, 0.015114
601857-601088,Close,OpenTime,20131021110100,CloseTime,20131031100000,Buy:601857,7.800000,7.810000,earnings:,0.001282,Sell:601088,16.920000,16.360000,earnings:,0.025358,all earnings, 0.015083
601169-000895,Close,OpenTime,2013092594400,CloseTime,2013092694200,Sell:601169,8.270000,8.190000,earnings:,0.009674,Buy:000895,45.000000,46.960000,earnings:,0.046051,all earnings, 0.027086
601169-000895,Close,OpenTime,2013093095400,CloseTime,2013100893800,Sell:601169,8.150000,7.990000,earnings:,0.019632,Buy:000895,44.560000,45.800000,earnings:,0.029422,all earnings, 0.023844
601169-000895,Close,OpenTime,2013101093900,CloseTime,2013101193200,Sell:601169,8.210000,8.200000,earnings:,0.001218,Buy:000895,44.900000,47.100000,earnings:,0.051805,all earnings, 0.025773
601169-000895,Close,OpenTime,2013110795200,CloseTime,2013111293600,Sell:601169,7.830000,7.740000,earnings:,0.011494,Buy:000895,43.000000,44.450000,earnings:,0.035653,all earnings, 0.022917
601169-000895,Close,OpenTime,20130925101200,CloseTime,20130926100600,Sell:601169,8.310000,8.160000,earnings:,0.018051,Buy:000895,45.500000,46.710000,earnings:,0.028117,all earnings, 0.022441
601169-000895,Close,OpenTime,20131009100100,CloseTime,20131010103000,Sell:601169,8.280000,8.180000,earnings:,0.012077,Buy:000895,45.220000,46.880000,earnings:,0.038813,all earnings, 0.024736
601169-000895,Close,OpenTime,20131107100000,CloseTime,20131112105700,Sell:601169,7.820000,7.750000,earnings:,0.008951,Buy:000895,42.820000,44.500000,earnings:,0.041482,all earnings, 0.024514
601169-000895,Close,OpenTime,20131126105800,CloseTime,20131128105800,Sell:601169,7.740000,7.830000,earnings:,-0.011628,Buy:000895,42.550000,44.960000,earnings:,0.059885,all earnings, 0.023456
601169-000895,Close,OpenTime,2013101193900,CloseTime,2013101493800,Buy:601169,8.180000,8.230000,earnings:,0.006112,Sell:000895,49.000000,47.090000,earnings:,0.041213,all earnings, 0.023004
601169-000895,Close,OpenTime,2013101494800,CloseTime,2013101893900,Buy:601169,8.220000,8.030000,earnings:,-0.023114,Sell:000895,49.300000,46.040000,earnings:,0.069915,all earnings, 0.022748
601169-000895,Close,OpenTime,2013102194200,CloseTime,2013102893100,Buy:601169,8.000000,8.090000,earnings:,0.011250,Sell:000895,48.000000,46.200000,earnings:,0.039649,all earnings, 0.024741
601169-000895,Close,OpenTime,20131014100500,CloseTime,20131025130000,Buy:601169,8.210000,8.100000,earnings:,-0.013398,Sell:000895,49.190000,46.350000,earnings:,0.061044,all earnings, 0.023159
600694-600120,Close,OpenTime,2013092694400,CloseTime,2013093093400,Sell:600694,30.690000,29.210000,earnings:,0.048224,Buy:600120,13.410000,13.170000,earnings:,-0.013356,all earnings, 0.019967
600694-600120,Close,OpenTime,2013101693300,CloseTime,2013101893100,Sell:600694,31.200000,29.440000,earnings:,0.056410,Buy:600120,13.750000,13.550000,earnings:,-0.010855,all earnings, 0.026087
600694-600120,Close,OpenTime,2013102595800,CloseTime,2013103093300,Sell:600694,30.520000,28.560000,earnings:,0.064220,Buy:600120,13.310000,12.820000,earnings:,-0.027474,all earnings, 0.021042
600694-600120,Close,OpenTime,2013110193100,CloseTime,2013110593100,Sell:600694,29.790000,28.900000,earnings:,0.029876,Buy:600120,12.900000,12.980000,earnings:,0.004628,all earnings, 0.019758
600694-600120,Close,OpenTime,20130925131800,CloseTime,20130927101400,Sell:600694,31.260000,29.110000,earnings:,0.068778,Buy:600120,13.690000,13.110000,earnings:,-0.031618,all earnings, 0.021280
600694-600120,Close,OpenTime,20131011102000,CloseTime,20131017140000,Sell:600694,31.660000,29.380000,earnings:,0.072015,Buy:600120,14.040000,13.290000,earnings:,-0.039866,all earnings, 0.018410
600694-600120,Close,OpenTime,20131025100000,CloseTime,20131029112400,Sell:600694,30.860000,28.200000,earnings:,0.086196,Buy:600120,13.310000,12.680000,earnings:,-0.035324,all earnings, 0.029132
600694-600120,Close,OpenTime,20131031101300,CloseTime,20131105100600,Sell:600694,30.140000,28.750000,earnings:,0.046118,Buy:600120,13.100000,12.920000,earnings:,-0.010254,all earnings, 0.020537
600694-600120,Close,OpenTime,20131210100500,CloseTime,20131219105200,Sell:600694,31.150000,28.760000,earnings:,0.076726,Buy:600120,13.690000,12.910000,earnings:,-0.042520,all earnings, 0.019587
600694-600120,Close,OpenTime,2013092593100,CloseTime,2013092594700,Buy:600694,28.750000,30.100000,earnings:,0.046957,Sell:600120,13.810000,13.720000,earnings:,0.004864,all earnings, 0.029674
600694-600120,Close,OpenTime,2013101094200,CloseTime,2013101193300,Buy:600694,29.770000,30.800000,earnings:,0.034599,Sell:600120,14.180000,14.110000,earnings:,0.003684,all earnings, 0.021922
600694-600120,Close,OpenTime,2013101894100,CloseTime,2013102194900,Buy:600694,29.170000,29.720000,earnings:,0.018855,Sell:600120,13.770000,13.500000,earnings:,0.014633,all earnings, 0.019177
600694-600120,Close,OpenTime,2013102393300,CloseTime,2013102593100,Buy:600694,29.450000,29.660000,earnings:,0.007131,Sell:600120,13.960000,13.400000,earnings:,0.029937,all earnings, 0.021227
600694-600120,Close,OpenTime,2013111494700,CloseTime,2013112293100,Buy:600694,27.240000,28.950000,earnings:,0.062775,Sell:600120,12.730000,13.030000,earnings:,-0.017587,all earnings, 0.025877
600694-600120,Close,OpenTime,2013120295300,CloseTime,2013120494200,Buy:600694,29.770000,30.420000,earnings:,0.021834,Sell:600120,14.160000,13.910000,earnings:,0.013176,all earnings, 0.020048
600694-600120,Close,OpenTime,20131010100100,CloseTime,20131010102500,Buy:600694,29.970000,31.030000,earnings:,0.035369,Sell:600120,14.280000,14.280000,earnings:,0.000000,all earnings, 0.020254
600694-600120,Close,OpenTime,20131022144900,CloseTime,20131025100000,Buy:600694,29.260000,30.860000,earnings:,0.054682,Sell:600120,13.830000,13.310000,earnings:,0.028060,all earnings, 0.047382
600694-600120,Close,OpenTime,20131114100000,CloseTime,20131119112100,Buy:600694,26.990000,28.880000,earnings:,0.070026,Sell:600120,12.510000,13.000000,earnings:,-0.029231,all earnings, 0.023361
600694-600120,Close,OpenTime,20131126110000,CloseTime,20131129101600,Buy:600694,27.990000,29.300000,earnings:,0.046802,Sell:600120,13.030000,13.250000,earnings:,-0.012600,all earnings, 0.019586
600694-600120,Close,OpenTime,20131202100300,CloseTime,20131203131300,Buy:600694,29.600000,30.140000,earnings:,0.018243,Sell:600120,14.090000,13.740000,earnings:,0.018538,all earnings, 0.021063
600031-000528,Close,OpenTime,2013092593100,CloseTime,2013101193100,Sell:600031,7.730000,7.490000,earnings:,0.031048,Buy:000528,6.950000,7.080000,earnings:,0.014790,all earnings, 0.025598
600031-000528,Close,OpenTime,2013111993300,CloseTime,2013112793100,Sell:600031,7.300000,7.030000,earnings:,0.036986,Buy:000528,6.520000,6.530000,earnings:,0.001213,all earnings, 0.021332
600031-000528,Close,OpenTime,20130925100000,CloseTime,20131008100200,Sell:600031,7.800000,7.430000,earnings:,0.047436,Buy:000528,6.970000,6.960000,earnings:,-0.001134,all earnings, 0.025857
600031-000528,Close,OpenTime,20131015142600,CloseTime,20131023112000,Sell:600031,7.700000,7.400000,earnings:,0.038961,Buy:000528,6.970000,6.920000,earnings:,-0.005672,all earnings, 0.018590
600031-000528,Close,OpenTime,2013121994100,CloseTime,20130925100000,Buy:600031,6.930000,7.800000,earnings:,0.125541,Sell:000528,6.690000,6.970000,earnings:,-0.033093,all earnings, 0.051627
601168-000060,Close,OpenTime,2013102493200,CloseTime,2013103195700,Sell:601168,6.070000,5.780000,earnings:,0.047776,Buy:000060,6.700000,6.560000,earnings:,-0.021657,all earnings, 0.012826
601168-000060,Close,OpenTime,20131022100000,CloseTime,20131031135400,Sell:601168,6.160000,5.790000,earnings:,0.060065,Buy:000060,6.820000,6.570000,earnings:,-0.037993,all earnings, 0.010839
601168-000060,Close,OpenTime,20131212130600,CloseTime,20131213100000,Sell:601168,5.870000,5.780000,earnings:,0.015332,Buy:000060,6.510000,6.560000,earnings:,0.007960,all earnings, 0.011438
601168-000060,Close,OpenTime,2013092593100,CloseTime,2013101893100,Buy:601168,6.140000,6.080000,earnings:,-0.009772,Sell:000060,7.190000,6.890000,earnings:,0.043245,all earnings, 0.016437
601168-000060,Close,OpenTime,2013111495500,CloseTime,2013112093100,Buy:601168,5.490000,5.820000,earnings:,0.060109,Sell:000060,6.400000,6.540000,earnings:,-0.022672,all earnings, 0.018384
601168-000060,Close,OpenTime,2013120294900,CloseTime,2013120693100,Buy:601168,5.750000,5.950000,earnings:,0.034783,Sell:000060,6.720000,6.710000,earnings:,0.001542,all earnings, 0.017837
601168-000060,Close,OpenTime,20130925100000,CloseTime,20131014142100,Buy:601168,6.160000,6.210000,earnings:,0.008117,Sell:000060,7.240000,7.040000,earnings:,0.028631,all earnings, 0.018045
601168-000060,Close,OpenTime,20131114100000,CloseTime,20131119100900,Buy:601168,5.490000,5.750000,earnings:,0.047359,Sell:000060,6.400000,6.530000,earnings:,-0.021053,all earnings, 0.012918
601168-000060,Close,OpenTime,20131202100000,CloseTime,20131205103800,Buy:601168,5.790000,5.980000,earnings:,0.032815,Sell:000060,6.750000,6.780000,earnings:,-0.004606,all earnings, 0.013852
000655-000060,Close,OpenTime,2013101893100,CloseTime,2013103093400,Sell:000655,8.450000,7.540000,earnings:,0.107692,Buy:000060,6.890000,6.420000,earnings:,-0.060489,all earnings, 0.025018
000655-000060,Close,OpenTime,20131017104400,CloseTime,20131029112400,Sell:000655,8.230000,7.530000,earnings:,0.085055,Buy:000060,6.800000,6.480000,earnings:,-0.041729,all earnings, 0.022963
000655-000060,Close,OpenTime,2013092593200,CloseTime,2013101693100,Buy:000655,8.020000,8.350000,earnings:,0.041147,Sell:000060,7.180000,7.020000,earnings:,0.019760,all earnings, 0.032282
000655-000060,Close,OpenTime,2013111193200,CloseTime,2013111593200,Buy:000655,7.290000,7.560000,earnings:,0.037037,Sell:000060,6.430000,6.360000,earnings:,0.009654,all earnings, 0.024747
000655-000060,Close,OpenTime,2013120393600,CloseTime,2013120495000,Buy:000655,7.620000,7.800000,earnings:,0.023622,Sell:000060,6.760000,6.590000,earnings:,0.022300,all earnings, 0.024339
000655-000060,Close,OpenTime,20130925100000,CloseTime,20131015100300,Buy:000655,8.060000,8.210000,earnings:,0.018610,Sell:000060,7.240000,7.060000,earnings:,0.022046,all earnings, 0.021549
000963-000028,Close,OpenTime,2013093093400,CloseTime,2013100893100,Sell:000963,45.000000,43.950000,earnings:,0.023333,Buy:000028,40.010000,42.080000,earnings:,0.039189,all earnings, 0.035575
000963-000028,Close,OpenTime,2013102293100,CloseTime,2013102893100,Sell:000963,45.200000,42.080000,earnings:,0.069027,Buy:000028,40.010000,39.500000,earnings:,-0.009655,all earnings, 0.033782
000963-000028,Close,OpenTime,2013110193100,CloseTime,2013111195700,Sell:000963,44.500000,39.860000,earnings:,0.104270,Buy:000028,39.590000,36.330000,earnings:,-0.062373,all earnings, 0.023839
000963-000028,Close,OpenTime,2013111295900,CloseTime,2013111493100,Sell:000963,41.980000,40.490000,earnings:,0.035493,Buy:000028,36.760000,37.370000,earnings:,0.012569,all earnings, 0.027348
000963-000028,Close,OpenTime,20130927101400,CloseTime,20130930112400,Sell:000963,44.690000,43.860000,earnings:,0.018572,Buy:000028,39.890000,41.530000,earnings:,0.031142,all earnings, 0.028287
000963-000028,Close,OpenTime,20131021102700,CloseTime,20131022142300,Sell:000963,45.390000,43.630000,earnings:,0.038775,Buy:000028,40.280000,40.950000,earnings:,0.012599,all earnings, 0.029232
000963-000028,Close,OpenTime,20131029112800,CloseTime,20131030112500,Sell:000963,43.500000,42.380000,earnings:,0.025747,Buy:000028,38.510000,39.400000,earnings:,0.017506,all earnings, 0.024611
000963-000028,Close,OpenTime,20131030145700,CloseTime,20131111104000,Sell:000963,45.080000,39.920000,earnings:,0.114463,Buy:000028,40.390000,36.580000,earnings:,-0.071452,all earnings, 0.024473
000963-000028,Close,OpenTime,20131111142800,CloseTime,20131113142000,Sell:000963,41.810000,40.700000,earnings:,0.026549,Buy:000028,36.500000,37.400000,earnings:,0.018677,all earnings, 0.025734
000963-000028,Close,OpenTime,2013101595200,CloseTime,2013102194300,Buy:000963,43.030000,41.930000,earnings:,-0.025564,Sell:000028,42.810000,38.980000,earnings:,0.067767,all earnings, 0.024014
000963-000028,Close,OpenTime,2013111993100,CloseTime,2013112293100,Buy:000963,39.900000,41.390000,earnings:,0.037343,Sell:000028,39.200000,38.390000,earnings:,0.015652,all earnings, 0.030154
000963-000028,Close,OpenTime,2013120293200,CloseTime,2013120593600,Buy:000963,39.700000,41.670000,earnings:,0.049622,Sell:000028,38.480000,38.680000,earnings:,-0.003937,all earnings, 0.025995
000963-000028,Close,OpenTime,20131014103000,CloseTime,20131021100000,Buy:000963,42.500000,43.400000,earnings:,0.021176,Sell:000028,42.180000,39.850000,earnings:,0.041842,all earnings, 0.035858
000963-000028,Close,OpenTime,20131118112900,CloseTime,20131122100000,Buy:000963,40.010000,41.600000,earnings:,0.039740,Sell:000028,38.930000,37.990000,earnings:,0.018290,all earnings, 0.033019
000963-000028,Close,OpenTime,20131129104600,CloseTime,20131205100000,Buy:000963,39.990000,42.180000,earnings:,0.054764,Sell:000028,38.820000,38.400000,earnings:,0.008195,all earnings, 0.035824
000878-000758,Close,OpenTime,2013111393300,CloseTime,2013111495000,Sell:000878,8.770000,8.570000,earnings:,0.022805,Buy:000758,11.410000,11.620000,earnings:,0.019709,all earnings, 0.020530
000878-000758,Close,OpenTime,20131016104100,CloseTime,20131021100000,Sell:000878,10.050000,9.160000,earnings:,0.088557,Buy:000758,12.960000,12.730000,earnings:,-0.019004,all earnings, 0.033587
000878-000758,Close,OpenTime,20131111100600,CloseTime,20131114135600,Sell:000878,8.770000,8.600000,earnings:,0.019384,Buy:000758,11.400000,11.650000,earnings:,0.023483,all earnings, 0.020701
000878-000758,Close,OpenTime,20131220105400,CloseTime,2013092695300,Buy:000878,8.420000,9.730000,earnings:,0.155582,Sell:000758,10.980000,13.070000,earnings:,-0.203829,all earnings, -0.023298
000878-000758,Close,OpenTime,2013101193100,CloseTime,2013101493200,Buy:000878,9.800000,10.150000,earnings:,0.035714,Sell:000758,13.700000,13.560000,earnings:,0.010943,all earnings, 0.022531
000878-000758,Close,OpenTime,2013101593800,CloseTime,2013101693100,Buy:000878,9.870000,10.110000,earnings:,0.024316,Sell:000758,13.780000,13.300000,earnings:,0.037300,all earnings, 0.029754
000878-000758,Close,OpenTime,2013102193800,CloseTime,2013103093100,Buy:000878,9.100000,8.940000,earnings:,-0.017582,Sell:000758,12.840000,12.000000,earnings:,0.070054,all earnings, 0.025339
000878-000758,Close,OpenTime,2013110493100,CloseTime,2013110894500,Buy:000878,9.130000,8.890000,earnings:,-0.026287,Sell:000758,12.800000,12.030000,earnings:,0.064417,all earnings, 0.018413
000878-000758,Close,OpenTime,20130926105800,CloseTime,20130930100700,Buy:000878,9.770000,9.720000,earnings:,-0.005118,Sell:000758,13.660000,13.080000,earnings:,0.045467,all earnings, 0.019485
000878-000758,Close,OpenTime,20131010130000,CloseTime,20131014100000,Buy:000878,9.610000,10.080000,earnings:,0.048907,Sell:000758,13.600000,13.460000,earnings:,0.011023,all earnings, 0.028940
000878-000758,Close,OpenTime,20131023100000,CloseTime,20131029112400,Buy:000878,9.360000,9.030000,earnings:,-0.035256,Sell:000758,13.240000,12.180000,earnings:,0.085731,all earnings, 0.024374
000878-000758,Close,OpenTime,20131105100000,CloseTime,20131108100000,Buy:000878,8.800000,8.910000,earnings:,0.012500,Sell:000758,12.460000,12.050000,earnings:,0.035236,all earnings, 0.023052
601168-000895,Close,OpenTime,2013092593700,CloseTime,2013092694500,Sell:601168,6.130000,6.100000,earnings:,0.004894,Buy:000895,45.800000,47.500000,earnings:,0.035595,all earnings, 0.020668
601168-000895,Close,OpenTime,2013093094800,CloseTime,2013101193300,Sell:601168,6.100000,6.070000,earnings:,0.004918,Buy:000895,45.660000,47.300000,earnings:,0.034444,all earnings, 0.020093
601168-000895,Close,OpenTime,2013110793700,CloseTime,2013111293100,Sell:601168,5.780000,5.620000,earnings:,0.027682,Buy:000895,43.180000,44.000000,earnings:,0.018211,all earnings, 0.023427
601168-000895,Close,OpenTime,20130925100000,CloseTime,20130926134300,Sell:601168,6.160000,6.050000,earnings:,0.017857,Buy:000895,45.920000,47.120000,earnings:,0.025060,all earnings, 0.021908
601168-000895,Close,OpenTime,20130930100000,CloseTime,20130930141600,Sell:601168,6.070000,6.030000,earnings:,0.006590,Buy:000895,45.190000,46.890000,earnings:,0.036075,all earnings, 0.021779
601168-000895,Close,OpenTime,20131009100000,CloseTime,20131011100000,Sell:601168,6.070000,6.160000,earnings:,-0.014827,Buy:000895,45.440000,48.200000,earnings:,0.058247,all earnings, 0.022165
601168-000895,Close,OpenTime,20131107100000,CloseTime,20131111105500,Sell:601168,5.760000,5.590000,earnings:,0.029514,Buy:000895,42.820000,43.360000,earnings:,0.012093,all earnings, 0.021239
601168-000895,Close,OpenTime,20131126105000,CloseTime,20131128132800,Sell:601168,5.720000,5.930000,earnings:,-0.036713,Buy:000895,42.710000,46.060000,earnings:,0.075217,all earnings, 0.019655
601168-000895,Close,OpenTime,2013101194000,CloseTime,2013101493100,Buy:601168,6.070000,6.190000,earnings:,0.019769,Sell:000895,49.290000,47.540000,earnings:,0.034047,all earnings, 0.027472
601168-000895,Close,OpenTime,2013102195600,CloseTime,2013102893500,Buy:601168,5.990000,5.890000,earnings:,-0.016694,Sell:000895,48.600000,45.800000,earnings:,0.055249,all earnings, 0.019681
601168-000895,Close,OpenTime,2013103093100,CloseTime,2013103193200,Buy:601168,5.740000,5.790000,earnings:,0.008711,Sell:000895,46.700000,45.010000,earnings:,0.034703,all earnings, 0.022162
601168-000895,Close,OpenTime,20131014102200,CloseTime,20131016100000,Buy:601168,6.160000,6.060000,earnings:,-0.016234,Sell:000895,49.900000,46.700000,earnings:,0.061496,all earnings, 0.023105
601168-000895,Close,OpenTime,20131021100000,CloseTime,20131025130200,Buy:601168,5.980000,5.960000,earnings:,-0.003344,Sell:000895,48.900000,46.270000,earnings:,0.051576,all earnings, 0.024621
601168-000895,Close,OpenTime,20131028135600,CloseTime,20131031100600,Buy:601168,5.830000,5.780000,earnings:,-0.008576,Sell:000895,47.120000,44.820000,earnings:,0.046808,all earnings, 0.019516
000983-000937,Close,OpenTime,2013103193600,CloseTime,2013111193600,Sell:000983,7.700000,7.510000,earnings:,0.024675,Buy:000937,8.140000,8.170000,earnings:,0.004004,all earnings, 0.013745
000983-000937,Close,OpenTime,20131029101800,CloseTime,20131111100000,Sell:000983,7.900000,7.460000,earnings:,0.055696,Buy:000937,8.350000,8.180000,earnings:,-0.022121,all earnings, 0.016092
000983-000937,Close,OpenTime,20131220110000,CloseTime,2013100895200,Buy:000983,7.300000,8.230000,earnings:,0.127397,Sell:000937,7.770000,8.870000,earnings:,-0.153817,all earnings, -0.012662
000983-000937,Close,OpenTime,2013101093300,CloseTime,2013101693200,Buy:000983,8.140000,8.250000,earnings:,0.013514,Sell:000937,8.980000,8.810000,earnings:,0.020569,all earnings, 0.016335
000983-000937,Close,OpenTime,20130925100000,CloseTime,20131011111300,Buy:000983,8.330000,8.200000,earnings:,-0.015606,Sell:000937,9.300000,8.840000,earnings:,0.053741,all earnings, 0.018277
000983-000937,Close,OpenTime,20131128131400,CloseTime,20131202103500,Buy:000983,8.000000,7.860000,earnings:,-0.017500,Sell:000937,8.840000,8.500000,earnings:,0.041789,all earnings, 0.011641
000878-000540,Close,OpenTime,2013101493100,CloseTime,2013102193100,Sell:000878,10.140000,9.500000,earnings:,0.063116,Buy:000540,7.040000,7.020000,earnings:,-0.002603,all earnings, 0.031580
000878-000540,Close,OpenTime,2013120295800,CloseTime,2013121693100,Sell:000878,9.040000,8.720000,earnings:,0.035398,Buy:000540,6.260000,6.380000,earnings:,0.017563,all earnings, 0.027639
000878-000540,Close,OpenTime,20130930104600,CloseTime,20131008103300,Sell:000878,9.680000,9.620000,earnings:,0.006198,Buy:000540,6.720000,6.940000,earnings:,0.029995,all earnings, 0.018888
000878-000540,Close,OpenTime,20131011131000,CloseTime,20131021100000,Sell:000878,10.020000,9.160000,earnings:,0.085828,Buy:000540,7.000000,6.840000,earnings:,-0.020942,all earnings, 0.033861
000878-000540,Close,OpenTime,20131128104800,CloseTime,20131213112500,Sell:000878,9.100000,8.740000,earnings:,0.039560,Buy:000540,6.300000,6.250000,earnings:,-0.007272,all earnings, 0.016850
000878-000540,Close,OpenTime,2013092693100,CloseTime,2013093093200,Buy:000878,9.730000,9.840000,earnings:,0.011305,Sell:000540,7.400000,6.990000,earnings:,0.050764,all earnings, 0.032391
000878-000540,Close,OpenTime,2013102193600,CloseTime,2013111494000,Buy:000878,9.330000,8.620000,earnings:,-0.076099,Sell:000540,7.000000,6.160000,earnings:,0.109947,all earnings, 0.017664
000878-000540,Close,OpenTime,20130926100000,CloseTime,20130930100000,Buy:000878,9.740000,9.710000,earnings:,-0.003080,Sell:000540,7.380000,6.970000,earnings:,0.050901,all earnings, 0.024956
000878-000540,Close,OpenTime,20131021100000,CloseTime,20131021110600,Buy:000878,9.160000,9.510000,earnings:,0.038210,Sell:000540,6.840000,6.870000,earnings:,-0.004019,all earnings, 0.017843
000878-000540,Close,OpenTime,20131031100000,CloseTime,20131111100600,Buy:000878,9.030000,8.770000,earnings:,-0.028793,Sell:000540,6.900000,6.280000,earnings:,0.082327,all earnings, 0.027937
000878-000540,Close,OpenTime,20131119140300,CloseTime,20131121102600,Buy:000878,8.860000,8.920000,earnings:,0.006772,Sell:000540,6.600000,6.380000,earnings:,0.030541,all earnings, 0.019472
000983-000060,Close,OpenTime,2013102294500,CloseTime,2013103093100,Sell:000983,8.350000,7.630000,earnings:,0.086228,Buy:000060,6.820000,6.420000,earnings:,-0.047691,all earnings, 0.021254
000983-000060,Close,OpenTime,2013112194400,CloseTime,2013112994200,Sell:000983,7.990000,7.900000,earnings:,0.011264,Buy:000060,6.480000,6.670000,earnings:,0.023842,all earnings, 0.019362
000983-000060,Close,OpenTime,20131017110400,CloseTime,20131028111700,Sell:000983,8.350000,7.690000,earnings:,0.079042,Buy:000060,6.830000,6.470000,earnings:,-0.042859,all earnings, 0.019956
000983-000060,Close,OpenTime,20131121100000,CloseTime,20131127102100,Sell:000983,8.020000,7.680000,earnings:,0.042394,Buy:000060,6.500000,6.450000,earnings:,-0.006255,all earnings, 0.019932
000983-000060,Close,OpenTime,2013120393800,CloseTime,2013120495000,Buy:000983,7.750000,7.840000,earnings:,0.011613,Sell:000060,6.790000,6.590000,earnings:,0.023951,all earnings, 0.019615
000776-000728,Close,OpenTime,2013111993400,CloseTime,2013112293300,Sell:000776,12.430000,12.250000,earnings:,0.014481,Buy:000728,9.470000,9.600000,earnings:,0.012001,all earnings, 0.014130
000776-000728,Close,OpenTime,2013112993100,CloseTime,2013121393700,Sell:000776,12.760000,12.620000,earnings:,0.010972,Buy:000728,9.750000,9.940000,earnings:,0.017037,all earnings, 0.014944
000776-000728,Close,OpenTime,20131118135300,CloseTime,20131121112500,Sell:000776,12.450000,12.010000,earnings:,0.035341,Buy:000728,9.470000,9.380000,earnings:,-0.008309,all earnings, 0.014423
000776-000728,Close,OpenTime,20131128104600,CloseTime,20131202145500,Sell:000776,12.790000,13.430000,earnings:,-0.050039,Buy:000728,9.790000,10.670000,earnings:,0.078585,all earnings, 0.015231
000776-000728,Close,OpenTime,20131203104300,CloseTime,20131213105600,Sell:000776,13.480000,12.680000,earnings:,0.059347,Buy:000728,10.390000,9.980000,earnings:,-0.034499,all earnings, 0.013258
000776-000728,Close,OpenTime,2013092793100,CloseTime,2013102993900,Buy:000776,11.720000,11.630000,earnings:,-0.007679,Sell:000728,9.450000,9.060000,earnings:,0.036080,all earnings, 0.015153
000776-000728,Close,OpenTime,20130926144700,CloseTime,20131009100200,Buy:000776,11.680000,12.150000,earnings:,0.040240,Sell:000728,9.420000,9.500000,earnings:,-0.007425,all earnings, 0.017508
000776-000728,Close,OpenTime,20131031143300,CloseTime,20131105110300,Buy:000776,11.560000,11.650000,earnings:,0.007785,Sell:000728,9.260000,9.060000,earnings:,0.018882,all earnings, 0.014229
000776-000728,Close,OpenTime,20131111103200,CloseTime,20131112100600,Buy:000776,11.100000,11.480000,earnings:,0.034234,Sell:000728,8.840000,8.920000,earnings:,-0.007912,all earnings, 0.014044
600141-000655,Close,OpenTime,2013101093400,CloseTime,2013101595600,Sell:600141,13.350000,13.280000,earnings:,0.005243,Buy:000655,7.950000,8.230000,earnings:,0.027428,all earnings, 0.018368
600141-000655,Close,OpenTime,2013120495100,CloseTime,20130925104800,Sell:600141,13.150000,13.020000,earnings:,0.009886,Buy:000655,7.780000,8.030000,earnings:,0.025024,all earnings, 0.019626
600141-000655,Close,OpenTime,20131009111100,CloseTime,20131015100200,Sell:600141,13.250000,13.220000,earnings:,0.002264,Buy:000655,7.900000,8.200000,earnings:,0.029573,all earnings, 0.017899
600141-000655,Close,OpenTime,20131204112900,CloseTime,20131205133700,Sell:600141,13.240000,13.050000,earnings:,0.014350,Buy:000655,7.890000,8.060000,earnings:,0.016779,all earnings, 0.017501
600141-000655,Close,OpenTime,20131216105600,CloseTime,2013092593100,Buy:600141,12.860000,13.100000,earnings:,0.018663,Sell:000655,7.600000,8.060000,earnings:,-0.047135,all earnings, -0.016007
600141-000655,Close,OpenTime,2013101893100,CloseTime,2013102194300,Buy:600141,13.140000,13.110000,earnings:,-0.002283,Sell:000655,8.450000,8.110000,earnings:,0.031335,all earnings, 0.016332
600141-000655,Close,OpenTime,2013110493500,CloseTime,2013110594300,Buy:600141,12.250000,12.440000,earnings:,0.015510,Sell:000655,7.720000,7.540000,earnings:,0.018158,all earnings, 0.018928
600141-000655,Close,OpenTime,2013111493100,CloseTime,2013112295600,Buy:600141,11.690000,12.570000,earnings:,0.075278,Sell:000655,7.400000,7.660000,earnings:,-0.027362,all earnings, 0.026938
600141-000655,Close,OpenTime,20131101103500,CloseTime,20131105100200,Buy:600141,12.120000,12.360000,earnings:,0.019802,Sell:000655,7.610000,7.510000,earnings:,0.010233,all earnings, 0.016886
600141-000655,Close,OpenTime,20131111105100,CloseTime,20131122100500,Buy:600141,11.910000,12.510000,earnings:,0.050378,Sell:000655,7.450000,7.620000,earnings:,-0.017770,all earnings, 0.018332
600900-600000,Close,OpenTime,2013100893700,CloseTime,2013100995300,Sell:600900,6.640000,6.630000,earnings:,0.001506,Buy:600000,9.900000,10.290000,earnings:,0.029900,all earnings, 0.017854
600900-600000,Close,OpenTime,2013101693100,CloseTime,2013102394000,Sell:600900,6.700000,6.480000,earnings:,0.032836,Buy:600000,10.030000,9.970000,earnings:,-0.004540,all earnings, 0.016086
600900-600000,Close,OpenTime,20131015140500,CloseTime,20131021142800,Sell:600900,6.710000,6.560000,earnings:,0.022355,Buy:600000,10.050000,10.150000,earnings:,0.007552,all earnings, 0.017002
600900-600000,Close,OpenTime,2013102593500,CloseTime,2013111493800,Buy:600900,6.320000,6.300000,earnings:,-0.003165,Sell:600000,10.060000,9.620000,earnings:,0.033197,all earnings, 0.017073
600900-600000,Close,OpenTime,20131024112600,CloseTime,20131114100000,Buy:600900,6.350000,6.310000,earnings:,-0.006299,Sell:600000,10.130000,9.440000,earnings:,0.051699,all earnings, 0.025810
600502-600116,Close,OpenTime,2013101794200,CloseTime,2013102193200,Sell:600502,8.540000,8.340000,earnings:,0.023419,Buy:600116,10.060000,10.230000,earnings:,0.012825,all earnings, 0.020606
600502-600116,Close,OpenTime,2013102393100,CloseTime,2013110493300,Sell:600502,9.110000,8.290000,earnings:,0.090011,Buy:600116,10.760000,10.170000,earnings:,-0.041615,all earnings, 0.027514
600502-600116,Close,OpenTime,2013121093200,CloseTime,2013121193100,Sell:600502,9.210000,8.760000,earnings:,0.048860,Buy:600116,11.100000,11.140000,earnings:,0.002735,all earnings, 0.029333
600502-600116,Close,OpenTime,2013121693100,CloseTime,2013121893500,Sell:600502,9.090000,8.530000,earnings:,0.061606,Buy:600116,10.850000,10.560000,earnings:,-0.020285,all earnings, 0.023492
600502-600116,Close,OpenTime,2013121993500,CloseTime,2013122093700,Sell:600502,8.940000,8.550000,earnings:,0.043624,Buy:600116,10.690000,10.570000,earnings:,-0.008519,all earnings, 0.019958
600502-600116,Close,OpenTime,20131017101800,CloseTime,20131018105400,Sell:600502,8.640000,8.300000,earnings:,0.039352,Buy:600116,10.200000,10.200000,earnings:,0.000000,all earnings, 0.022372
600502-600116,Close,OpenTime,20131022101100,CloseTime,20131030104600,Sell:600502,8.870000,8.210000,earnings:,0.074408,Buy:600116,10.580000,10.020000,earnings:,-0.040171,all earnings, 0.019465
600502-600116,Close,OpenTime,20131101100500,CloseTime,20131104100000,Sell:600502,8.600000,8.270000,earnings:,0.038372,Buy:600116,10.150000,10.110000,earnings:,-0.002991,all earnings, 0.020115
600502-600116,Close,OpenTime,20131213134300,CloseTime,20131217131300,Sell:600502,9.150000,8.560000,earnings:,0.064481,Buy:600116,11.000000,10.580000,earnings:,-0.028978,all earnings, 0.020184
600502-600116,Close,OpenTime,20131219100900,CloseTime,2013092593100,Buy:600502,8.900000,8.320000,earnings:,-0.065169,Sell:600116,10.610000,10.190000,earnings:,0.030043,all earnings, -0.019970
600502-600116,Close,OpenTime,2013100893100,CloseTime,2013101593100,Buy:600502,7.870000,8.400000,earnings:,0.067344,Sell:600116,9.960000,10.260000,earnings:,-0.022860,all earnings, 0.025291
600502-600116,Close,OpenTime,2013110893200,CloseTime,2013111893600,Buy:600502,7.820000,8.290000,earnings:,0.060102,Sell:600116,9.890000,10.140000,earnings:,-0.019185,all earnings, 0.023263
600502-600116,Close,OpenTime,2013120395200,CloseTime,2013120593100,Buy:600502,8.230000,8.780000,earnings:,0.066829,Sell:600116,10.530000,10.910000,earnings:,-0.027388,all earnings, 0.022423
600502-600116,Close,OpenTime,20130927100800,CloseTime,20131014142000,Buy:600502,7.860000,8.370000,earnings:,0.064885,Sell:600116,9.930000,10.260000,earnings:,-0.025222,all earnings, 0.022550
600502-600116,Close,OpenTime,20131107145100,CloseTime,20131115140300,Buy:600502,7.900000,8.300000,earnings:,0.050633,Sell:600116,9.990000,10.170000,earnings:,-0.013675,all earnings, 0.021012
600502-600116,Close,OpenTime,20131202110600,CloseTime,20131204144700,Buy:600502,8.090000,8.810000,earnings:,0.088999,Sell:600116,10.340000,11.000000,earnings:,-0.048443,all earnings, 0.023057
600502-600116,Close,OpenTime,20131211101800,CloseTime,20131212144300,Buy:600502,8.650000,8.960000,earnings:,0.035838,Sell:600116,11.280000,11.180000,earnings:,0.006728,all earnings, 0.024200
